[{"model": "main.image", "pk": 8, "fields": {"image": "gallery/The_Avengers_2012_logo_igQtGAO.jpg"}}, {"model": "main.image", "pk": 9, "fields": {"image": "gallery/ironman1.png"}}, {"model": "main.image", "pk": 10, "fields": {"image": "gallery/ironman2.jpg"}}, {"model": "main.image", "pk": 11, "fields": {"image": "gallery/ironman1_6gZrkHa.png"}}, {"model": "main.image", "pk": 17, "fields": {"image": "gallery/ironman1_tykiA9n.png"}}, {"model": "main.image", "pk": 21, "fields": {"image": "gallery/hulk3.jpeg"}}, {"model": "main.image", "pk": 22, "fields": {"image": "gallery/hulk1_ea70hSQ.jpeg"}}, {"model": "main.image", "pk": 23, "fields": {"image": "gallery/hulk2_tO1UIaj.jpeg"}}, {"model": "main.image", "pk": 24, "fields": {"image": "gallery/hulk3_csyjk0n.jpeg"}}, {"model": "main.image", "pk": 25, "fields": {"image": "gallery/hulk1_HhGtsD6.jpeg"}}, {"model": "main.image", "pk": 26, "fields": {"image": "gallery/hulk2_Z7Yd30h.jpeg"}}, {"model": "main.image", "pk": 27, "fields": {"image": "gallery/hulk3_Wpr4mEY.jpeg"}}, {"model": "main.image", "pk": 28, "fields": {"image": "gallery/hulk1_cvz1NYL.jpeg"}}, {"model": "main.image", "pk": 29, "fields": {"image": "gallery/hulk2_LBp7bpG.jpeg"}}, {"model": "main.image", "pk": 30, "fields": {"image": "gallery/hulk3_g7tLWzb.jpeg"}}, {"model": "main.image", "pk": 31, "fields": {"image": "gallery/hulk1_KkJZte6.jpeg"}}, {"model": "main.image", "pk": 32, "fields": {"image": "gallery/hulk2_iulhYzG.jpeg"}}, {"model": "main.image", "pk": 33, "fields": {"image": "gallery/hulk3_8YgrSgQ.jpeg"}}, {"model": "main.image", "pk": 34, "fields": {"image": "gallery/hulk1_SubqLHb.jpeg"}}, {"model": "main.image", "pk": 35, "fields": {"image": "gallery/hulk2_JcaBPCK.jpeg"}}, {"model": "main.image", "pk": 36, "fields": {"image": "gallery/hulk3_FqXEL1P.jpeg"}}, {"model": "main.image", "pk": 37, "fields": {"image": "gallery/hulk1_QOAStGS.jpeg"}}, {"model": "main.image", "pk": 38, "fields": {"image": "gallery/hulk2_V1Vi3Lu.jpeg"}}, {"model": "main.image", "pk": 39, "fields": {"image": "gallery/hulk3_7EjRsYc.jpeg"}}, {"model": "main.image", "pk": 40, "fields": {"image": "gallery/hulk1_tFkVsig.jpeg"}}, {"model": "main.image", "pk": 41, "fields": {"image": "gallery/hulk2_eXR8YS2.jpeg"}}, {"model": "main.image", "pk": 42, "fields": {"image": "gallery/hulk3_e088eYR.jpeg"}}, {"model": "main.image", "pk": 43, "fields": {"image": "gallery/hulk1_X3JmAy0.jpeg"}}, {"model": "main.image", "pk": 44, "fields": {"image": "gallery/hulk2_MsmFIoz.jpeg"}}, {"model": "main.image", "pk": 45, "fields": {"image": "gallery/hulk3_Gpx56ww.jpeg"}}, {"model": "main.image", "pk": 46, "fields": {"image": "gallery/hulk1_QjJwwxX.jpeg"}}, {"model": "main.image", "pk": 47, "fields": {"image": "gallery/hulk2_AKzTZ9p.jpeg"}}, {"model": "main.image", "pk": 48, "fields": {"image": "gallery/hulk3_BeVLq2w.jpeg"}}, {"model": "main.image", "pk": 49, "fields": {"image": "gallery/hulk1_j4dFJjk.jpeg"}}, {"model": "main.image", "pk": 50, "fields": {"image": "gallery/hulk2_Lhd4cHI.jpeg"}}, {"model": "main.image", "pk": 51, "fields": {"image": "gallery/hulk3_2bvhZoS.jpeg"}}, {"model": "main.image", "pk": 52, "fields": {"image": "gallery/hulk1_kg5bgHA.jpeg"}}, {"model": "main.image", "pk": 53, "fields": {"image": "gallery/hulk2_TIlM6ce.jpeg"}}, {"model": "main.image", "pk": 54, "fields": {"image": "gallery/hulk3_CdqnCbT.jpeg"}}, {"model": "main.image", "pk": 55, "fields": {"image": "gallery/hulk1_KiVWMyE.jpeg"}}, {"model": "main.image", "pk": 56, "fields": {"image": "gallery/hulk2_7SXqJxg.jpeg"}}, {"model": "main.image", "pk": 57, "fields": {"image": "gallery/hulk3_ZxLs26L.jpeg"}}, {"model": "main.image", "pk": 58, "fields": {"image": "gallery/hulk1_bWl8K0r.jpeg"}}, {"model": "main.image", "pk": 59, "fields": {"image": "gallery/hulk2_waNYODo.jpeg"}}, {"model": "main.image", "pk": 60, "fields": {"image": "gallery/hulk3_vcKiaz7.jpeg"}}, {"model": "main.image", "pk": 61, "fields": {"image": "gallery/hulk1_oNCeUzP.jpeg"}}, {"model": "main.image", "pk": 62, "fields": {"image": "gallery/hulk2_jRWC3dW.jpeg"}}, {"model": "main.image", "pk": 63, "fields": {"image": "gallery/hulk3_R35Tzz5.jpeg"}}, {"model": "main.image", "pk": 64, "fields": {"image": "gallery/hulk1_JcBP03U.jpeg"}}, {"model": "main.image", "pk": 65, "fields": {"image": "gallery/hulk3_BLgrdwr.jpeg"}}, {"model": "main.image", "pk": 66, "fields": {"image": "gallery/hulk2_Nw1W0vY.jpeg"}}, {"model": "main.image", "pk": 67, "fields": {"image": "gallery/hulk1_gAkZoir.jpeg"}}, {"model": "main.image", "pk": 68, "fields": {"image": "gallery/hulk1_nRBFCjE.jpeg"}}, {"model": "main.image", "pk": 69, "fields": {"image": "gallery/hulk1_JVoJWjz.jpeg"}}, {"model": "main.image", "pk": 70, "fields": {"image": "gallery/hulk1_bS3tlhw.jpeg"}}, {"model": "main.image", "pk": 71, "fields": {"image": "gallery/hulk1_9dvKqO4.jpeg"}}, {"model": "main.image", "pk": 72, "fields": {"image": "gallery/hulk2_Ec6xedj.jpeg"}}, {"model": "main.image", "pk": 73, "fields": {"image": "gallery/hulk3_J8WClZB.jpeg"}}, {"model": "main.image", "pk": 74, "fields": {"image": "gallery/hulk1_3PQ2YnM.jpeg"}}, {"model": "main.image", "pk": 75, "fields": {"image": "gallery/hulk2_vykvFYT.jpeg"}}, {"model": "main.image", "pk": 76, "fields": {"image": "gallery/first1_0Ak4L2j.jpeg"}}, {"model": "main.image", "pk": 77, "fields": {"image": "gallery/hulk3_RX9deHU.jpeg"}}, {"model": "main.image", "pk": 78, "fields": {"image": "gallery/first1_ViEsJAQ.jpeg"}}, {"model": "main.image", "pk": 79, "fields": {"image": "gallery/hulk1_3ZIJlBU.jpeg"}}, {"model": "main.image", "pk": 80, "fields": {"image": "gallery/hulk2_Cd68yeo.jpeg"}}, {"model": "main.image", "pk": 81, "fields": {"image": "gallery/hulk3_pJuS8iA.jpeg"}}, {"model": "main.image", "pk": 82, "fields": {"image": "gallery/hulk3_PQ6SAvp.jpeg"}}, {"model": "main.image", "pk": 83, "fields": {"image": "gallery/hulk2_u7463vA.jpeg"}}, {"model": "main.image", "pk": 84, "fields": {"image": "gallery/first1_8lR0xCO.jpeg"}}, {"model": "main.image", "pk": 85, "fields": {"image": "gallery/hulk3_NDQmG0K.jpeg"}}, {"model": "main.image", "pk": 86, "fields": {"image": "gallery/hulk1_rYYv9oe.jpeg"}}, {"model": "main.image", "pk": 87, "fields": {"image": "gallery/hulk2_TUylOsE.jpeg"}}, {"model": "main.image", "pk": 88, "fields": {"image": "gallery/hulk3_ssCbW4Z.jpeg"}}, {"model": "main.image", "pk": 89, "fields": {"image": "gallery/hulk3_G6ILlxt.jpeg"}}, {"model": "main.image", "pk": 90, "fields": {"image": "gallery/hulk2_znM9EI2.jpeg"}}, {"model": "main.image", "pk": 91, "fields": {"image": "gallery/firstmain_CsmXecW.jpeg"}}, {"model": "main.image", "pk": 92, "fields": {"image": "gallery/hulkmain_An9XM4M.jpeg"}}, {"model": "main.image", "pk": 93, "fields": {"image": "gallery/infwar2_xYK9RYK.jpg"}}, {"model": "main.image", "pk": 94, "fields": {"image": "gallery/hulk3_wvAJpJf.jpeg"}}, {"model": "main.image", "pk": 95, "fields": {"image": "gallery/hulk1_RMZebWD.jpeg"}}, {"model": "main.image", "pk": 96, "fields": {"image": "gallery/hulk2_9rQK3zh.jpeg"}}, {"model": "main.image", "pk": 97, "fields": {"image": "gallery/hulk3_NolKF79.jpeg"}}, {"model": "main.image", "pk": 98, "fields": {"image": "gallery/hulk1_Pr5H79i.jpeg"}}, {"model": "main.image", "pk": 99, "fields": {"image": "gallery/hulk1_uzjlyWA.jpeg"}}, {"model": "main.image", "pk": 100, "fields": {"image": "gallery/hulk2_mKDiaJI.jpeg"}}, {"model": "main.image", "pk": 101, "fields": {"image": "gallery/hulk3_4ETDhgn.jpeg"}}, {"model": "main.image", "pk": 102, "fields": {"image": "gallery/hulk1_yQCQh5e.jpeg"}}, {"model": "main.image", "pk": 103, "fields": {"image": "gallery/hulk1_iMpizDx.jpeg"}}, {"model": "main.image", "pk": 104, "fields": {"image": "gallery/hulk1_uZfzPVB.jpeg"}}, {"model": "main.image", "pk": 105, "fields": {"image": "gallery/hulk1_wbVGAkV.jpeg"}}, {"model": "main.image", "pk": 106, "fields": {"image": "gallery/hulk1_Fayjhi4.jpeg"}}, {"model": "main.image", "pk": 107, "fields": {"image": "gallery/hulk2_WAcPw7X.jpeg"}}, {"model": "main.image", "pk": 108, "fields": {"image": "gallery/hulk3_YTWMDFU.jpeg"}}, {"model": "main.image", "pk": 109, "fields": {"image": "gallery/hulk1_h6334A3.jpeg"}}, {"model": "main.image", "pk": 110, "fields": {"image": "gallery/hulk2_jTzPhfX.jpeg"}}, {"model": "main.image", "pk": 111, "fields": {"image": "gallery/first1_8L2S7R0.jpeg"}}, {"model": "main.image", "pk": 112, "fields": {"image": "gallery/hulk3_EU1gyYa.jpeg"}}, {"model": "main.image", "pk": 113, "fields": {"image": "gallery/hulk1_icRllCw.jpeg"}}, {"model": "main.image", "pk": 114, "fields": {"image": "gallery/hulk2_J09UcyB.jpeg"}}, {"model": "main.image", "pk": 115, "fields": {"image": "gallery/hulk3_I9jRqSy.jpeg"}}, {"model": "main.image", "pk": 116, "fields": {"image": "gallery/hulkmain_aPJsqxF.jpeg"}}, {"model": "main.image", "pk": 117, "fields": {"image": "gallery/hulk1_J7F5KMg.jpeg"}}, {"model": "main.image", "pk": 118, "fields": {"image": "gallery/hulk2_iszahaI.jpeg"}}, {"model": "main.image", "pk": 119, "fields": {"image": "gallery/hulk3_8ZDzFge.jpeg"}}, {"model": "main.image", "pk": 120, "fields": {"image": "gallery/hulk1_L2uLR2m.jpeg"}}, {"model": "main.image", "pk": 121, "fields": {"image": "gallery/hulk2_0rCTTuZ.jpeg"}}, {"model": "main.image", "pk": 122, "fields": {"image": "gallery/hulk3_FfdRSws.jpeg"}}, {"model": "main.image", "pk": 123, "fields": {"image": "gallery/first1_QvRWgvC.jpeg"}}, {"model": "main.image", "pk": 124, "fields": {"image": "gallery/hulk1_4KdP86v.jpeg"}}, {"model": "main.image", "pk": 125, "fields": {"image": "gallery/hulk1_JBzFBa0.jpeg"}}, {"model": "main.image", "pk": 126, "fields": {"image": "gallery/hulk2_6sVxXBh.jpeg"}}, {"model": "main.image", "pk": 127, "fields": {"image": "gallery/hulk3_v1Y3hQU.jpeg"}}, {"model": "main.image", "pk": 128, "fields": {"image": "gallery/hulk1_IttG7Dm.jpeg"}}, {"model": "main.image", "pk": 129, "fields": {"image": "gallery/hulk2_xbxZxhE.jpeg"}}, {"model": "main.image", "pk": 130, "fields": {"image": "gallery/hulk3_ccVgTG8.jpeg"}}, {"model": "main.image", "pk": 131, "fields": {"image": "gallery/first1_dhwkRTs.jpeg"}}, {"model": "main.image", "pk": 132, "fields": {"image": "gallery/hulk1_6bz23ni.jpeg"}}, {"model": "main.image", "pk": 133, "fields": {"image": "gallery/hulk2_P5RmMJN.jpeg"}}, {"model": "main.image", "pk": 134, "fields": {"image": "gallery/hulk3_juDax6a.jpeg"}}, {"model": "main.image", "pk": 135, "fields": {"image": "gallery/hulk1_bv6TY7d.jpeg"}}, {"model": "main.image", "pk": 136, "fields": {"image": "gallery/first1_7WJbScn.jpeg"}}, {"model": "main.image", "pk": 137, "fields": {"image": "gallery/hulk2_GDYYPq3.jpeg"}}, {"model": "main.image", "pk": 138, "fields": {"image": "gallery/hulk3_07ZAd0T.jpeg"}}, {"model": "main.image", "pk": 139, "fields": {"image": "gallery/hulk1_EjvKcUa.jpeg"}}, {"model": "main.image", "pk": 140, "fields": {"image": "gallery/hulk2_kPK7ntQ.jpeg"}}, {"model": "main.image", "pk": 141, "fields": {"image": "gallery/hulk3_52zJlMY.jpeg"}}, {"model": "main.image", "pk": 142, "fields": {"image": "gallery/hulk1_bfkJAmS.jpeg"}}, {"model": "main.image", "pk": 143, "fields": {"image": "gallery/hulk2_JSJy7dj.jpeg"}}, {"model": "main.image", "pk": 144, "fields": {"image": "gallery/hulk3_R2uU3TR.jpeg"}}, {"model": "main.image", "pk": 145, "fields": {"image": "gallery/hulk1_GjBtjfa.jpeg"}}, {"model": "main.image", "pk": 146, "fields": {"image": "gallery/hulk2_jVaOlcl.jpeg"}}, {"model": "main.image", "pk": 147, "fields": {"image": "gallery/hulk3_dcjGWiY.jpeg"}}, {"model": "main.image", "pk": 148, "fields": {"image": "gallery/hulk1_BISLIHw.jpeg"}}, {"model": "main.image", "pk": 149, "fields": {"image": "gallery/hulk2_4lpBVTn.jpeg"}}, {"model": "main.image", "pk": 150, "fields": {"image": "gallery/hulk3_rPTy2xB.jpeg"}}, {"model": "main.image", "pk": 151, "fields": {"image": "gallery/hulk1_stWMPmA.jpeg"}}, {"model": "main.image", "pk": 152, "fields": {"image": "gallery/hulk2_RVtXCXE.jpeg"}}, {"model": "main.image", "pk": 153, "fields": {"image": "gallery/hulk3_HVOpK1o.jpeg"}}, {"model": "main.image", "pk": 154, "fields": {"image": "gallery/hulk1_ZzPHZgA.jpeg"}}, {"model": "main.image", "pk": 155, "fields": {"image": "gallery/hulk2_RVyMPBM.jpeg"}}, {"model": "main.image", "pk": 156, "fields": {"image": "gallery/hulk3_D3b54yB.jpeg"}}, {"model": "main.image", "pk": 157, "fields": {"image": "gallery/hulk1_gdKy1CT.jpeg"}}, {"model": "main.image", "pk": 158, "fields": {"image": "gallery/hulk2_1QlWqLI.jpeg"}}, {"model": "main.image", "pk": 159, "fields": {"image": "gallery/hulk3_shjK2nL.jpeg"}}, {"model": "main.image", "pk": 160, "fields": {"image": "gallery/first1_HSOKJ6M.jpeg"}}, {"model": "main.image", "pk": 161, "fields": {"image": "gallery/hulk1_WS4h1rR.jpeg"}}, {"model": "main.image", "pk": 162, "fields": {"image": "gallery/hulk2_JTMck4m.jpeg"}}, {"model": "main.image", "pk": 163, "fields": {"image": "gallery/hulk3_rGx1Rtn.jpeg"}}, {"model": "main.image", "pk": 164, "fields": {"image": "gallery/hulk1_4HNfJk7.jpeg"}}, {"model": "main.image", "pk": 165, "fields": {"image": "gallery/hulk1_ppOUzW6.jpeg"}}, {"model": "main.image", "pk": 166, "fields": {"image": "gallery/hulk2_UEn3me7.jpeg"}}, {"model": "main.image", "pk": 167, "fields": {"image": "gallery/hulk3_rh2ZImK.jpeg"}}, {"model": "main.image", "pk": 168, "fields": {"image": "gallery/hulk1_FjYcUbq.jpeg"}}, {"model": "main.image", "pk": 169, "fields": {"image": "gallery/hulk1_TdDZDNR.jpeg"}}, {"model": "main.image", "pk": 170, "fields": {"image": "gallery/hulk2_HYSh0yK.jpeg"}}, {"model": "main.image", "pk": 171, "fields": {"image": "gallery/hulk3_MU0OKtr.jpeg"}}, {"model": "main.image", "pk": 172, "fields": {"image": "gallery/hulk1_jVwOow9.jpeg"}}, {"model": "main.image", "pk": 173, "fields": {"image": "gallery/hulk2_vSie2nK.jpeg"}}, {"model": "main.image", "pk": 174, "fields": {"image": "gallery/first1_Gu7mBK4.jpeg"}}, {"model": "main.image", "pk": 175, "fields": {"image": "gallery/hulk3_WDi0Odn.jpeg"}}, {"model": "main.image", "pk": 176, "fields": {"image": "gallery/hulk1_EiAG4EB.jpeg"}}, {"model": "main.image", "pk": 177, "fields": {"image": "gallery/hulk2_vkIEydd.jpeg"}}, {"model": "main.image", "pk": 178, "fields": {"image": "gallery/hulk3_Xs7AVhL.jpeg"}}, {"model": "main.image", "pk": 179, "fields": {"image": "gallery/first1_fc3M0Oz.jpeg"}}, {"model": "main.image", "pk": 180, "fields": {"image": "gallery/hulk1_vuJsc7s.jpeg"}}, {"model": "main.image", "pk": 181, "fields": {"image": "gallery/hulk1_bCY8Aph.jpeg"}}, {"model": "main.image", "pk": 182, "fields": {"image": "gallery/hulk2_0Y5QUfe.jpeg"}}, {"model": "main.image", "pk": 183, "fields": {"image": "gallery/hulk3_kVRtY47.jpeg"}}, {"model": "main.image", "pk": 184, "fields": {"image": "gallery/first1_FGImdkh.jpeg"}}, {"model": "main.image", "pk": 185, "fields": {"image": "gallery/hulk1_NTFgGD0.jpeg"}}, {"model": "main.image", "pk": 186, "fields": {"image": "gallery/hulk2_6FjwrES.jpeg"}}, {"model": "main.image", "pk": 187, "fields": {"image": "gallery/hulk3_8cxQPot.jpeg"}}, {"model": "main.image", "pk": 188, "fields": {"image": "gallery/hulk1_NAbo4tv.jpeg"}}, {"model": "main.image", "pk": 189, "fields": {"image": "gallery/hulk2_qlXoG2s.jpeg"}}, {"model": "main.image", "pk": 190, "fields": {"image": "gallery/first1_HyyoEcM.jpeg"}}, {"model": "main.image", "pk": 191, "fields": {"image": "gallery/hulk3_oG6v3by.jpeg"}}, {"model": "main.image", "pk": 192, "fields": {"image": "gallery/hulk1_HBLkDCn.jpeg"}}, {"model": "main.image", "pk": 193, "fields": {"image": "gallery/hulk2_pvyG2Id.jpeg"}}, {"model": "main.image", "pk": 194, "fields": {"image": "gallery/hulk3_jxTPLIO.jpeg"}}, {"model": "main.image", "pk": 195, "fields": {"image": "gallery/hulk1_3fYX5xX.jpeg"}}, {"model": "main.image", "pk": 196, "fields": {"image": "gallery/hulk2_Er5hM0b.jpeg"}}, {"model": "main.image", "pk": 197, "fields": {"image": "gallery/first1_eMRYdb3.jpeg"}}, {"model": "main.image", "pk": 198, "fields": {"image": "gallery/hulk3_WwiU0W4.jpeg"}}, {"model": "main.image", "pk": 199, "fields": {"image": "gallery/hulk1_QSwn1Ec.jpeg"}}, {"model": "main.image", "pk": 200, "fields": {"image": "gallery/first1_o9GdOYD.jpeg"}}, {"model": "main.image", "pk": 201, "fields": {"image": "gallery/hulk2_NcjOSOt.jpeg"}}, {"model": "main.image", "pk": 202, "fields": {"image": "gallery/hulk3_JDwf2qs.jpeg"}}, {"model": "main.image", "pk": 203, "fields": {"image": "gallery/hulk1_wYC6TfT.jpeg"}}, {"model": "main.image", "pk": 204, "fields": {"image": "gallery/hulk2_l4Osvi4.jpeg"}}, {"model": "main.image", "pk": 205, "fields": {"image": "gallery/hulk3_t62kwRQ.jpeg"}}, {"model": "main.image", "pk": 206, "fields": {"image": "gallery/first1_G4vZJET.jpeg"}}, {"model": "main.image", "pk": 207, "fields": {"image": "gallery/hulk1_dBaVL6S.jpeg"}}, {"model": "main.image", "pk": 208, "fields": {"image": "gallery/hulk1_1jHuCUF.jpeg"}}, {"model": "main.image", "pk": 209, "fields": {"image": "gallery/hulk2_d7YpYxL.jpeg"}}, {"model": "main.image", "pk": 210, "fields": {"image": "gallery/hulk3_A5G7ZcG.jpeg"}}, {"model": "main.image", "pk": 211, "fields": {"image": "gallery/hulk2_mHyX3N2.jpeg"}}, {"model": "main.image", "pk": 212, "fields": {"image": "gallery/hulk1_2BZ3nMw.jpeg"}}, {"model": "main.image", "pk": 213, "fields": {"image": "gallery/hulk3_EjEtvJI.jpeg"}}, {"model": "main.image", "pk": 214, "fields": {"image": "gallery/ironman1_Y17BBay.png"}}, {"model": "main.image", "pk": 215, "fields": {"image": "gallery/ironman2_SyuQ382.jpg"}}, {"model": "main.image", "pk": 216, "fields": {"image": "gallery/hulk1_5ANBJZN.jpeg"}}, {"model": "main.image", "pk": 217, "fields": {"image": "gallery/hulk2_TfyaWVC.jpeg"}}, {"model": "main.image", "pk": 218, "fields": {"image": "gallery/hulk3_3m6cpCY.jpeg"}}, {"model": "main.image", "pk": 219, "fields": {"image": "gallery/hulk1_rX67T5z.jpeg"}}, {"model": "main.image", "pk": 220, "fields": {"image": "gallery/hulk2_NKeFzyW.jpeg"}}, {"model": "main.image", "pk": 221, "fields": {"image": "gallery/hulk3_OhyVNan.jpeg"}}, {"model": "main.image", "pk": 222, "fields": {"image": "gallery/hulk1_OTaLoHZ.jpeg"}}, {"model": "main.image", "pk": 223, "fields": {"image": "gallery/hulk3_9miPeGK.jpeg"}}, {"model": "main.image", "pk": 224, "fields": {"image": "gallery/hulk2_H9lpWDJ.jpeg"}}, {"model": "main.image", "pk": 228, "fields": {"image": "gallery/hulk1_CtiKjhQ.jpeg"}}, {"model": "main.image", "pk": 229, "fields": {"image": "gallery/hulk3_EK1pz5d.jpeg"}}, {"model": "main.image", "pk": 230, "fields": {"image": "gallery/hulk2_4AFMehk.jpeg"}}, {"model": "main.image", "pk": 231, "fields": {"image": "gallery/hulk2_mVnYstU.jpeg"}}, {"model": "main.image", "pk": 232, "fields": {"image": "gallery/hulk1_fWxdVpz.jpeg"}}, {"model": "main.image", "pk": 233, "fields": {"image": "gallery/hulk1_Kcxrdte.jpeg"}}, {"model": "main.image", "pk": 234, "fields": {"image": "gallery/hulk2_ch077nC.jpeg"}}, {"model": "main.image", "pk": 235, "fields": {"image": "gallery/hulk3_qxp8FIm.jpeg"}}, {"model": "main.image", "pk": 236, "fields": {"image": "gallery/hulk1_ETDbBzE.jpeg"}}, {"model": "main.image", "pk": 237, "fields": {"image": "gallery/hulk2_Ew2ChG1.jpeg"}}, {"model": "main.image", "pk": 238, "fields": {"image": "gallery/hulk3_opJdccx.jpeg"}}, {"model": "main.image", "pk": 239, "fields": {"image": "gallery/hulk1_0Vd9q6a.jpeg"}}, {"model": "main.image", "pk": 240, "fields": {"image": "gallery/hulk2_e43hnMT.jpeg"}}, {"model": "main.image", "pk": 241, "fields": {"image": "gallery/hulk3_Yn4vzLi.jpeg"}}, {"model": "main.image", "pk": 242, "fields": {"image": "gallery/hulk1_sdaeiSp.jpeg"}}, {"model": "main.image", "pk": 243, "fields": {"image": "gallery/hulk3_aAwZIau.jpeg"}}, {"model": "main.image", "pk": 244, "fields": {"image": "gallery/hulk2_2Ubp3s9.jpeg"}}, {"model": "main.image", "pk": 245, "fields": {"image": "gallery/hulk2_APZEFMz.jpeg"}}, {"model": "main.image", "pk": 246, "fields": {"image": "gallery/hulk1_sBb1UA4.jpeg"}}, {"model": "main.image", "pk": 247, "fields": {"image": "gallery/hulk3_J63f0j8.jpeg"}}, {"model": "main.image", "pk": 248, "fields": {"image": ""}}, {"model": "main.image", "pk": 249, "fields": {"image": "gallery/hulk2_4isP6tF.jpeg"}}, {"model": "main.image", "pk": 250, "fields": {"image": "gallery/hulk1_e5dxmd3.jpeg"}}, {"model": "main.image", "pk": 251, "fields": {"image": "gallery/hulk3_fAYWKyg.jpeg"}}, {"model": "main.image", "pk": 252, "fields": {"image": ""}}, {"model": "main.image", "pk": 253, "fields": {"image": "gallery/hulk1_oEU0GYW.jpeg"}}, {"model": "main.image", "pk": 254, "fields": {"image": "gallery/hulk2_KPVTpBS.jpeg"}}, {"model": "main.image", "pk": 255, "fields": {"image": "gallery/hulk3_MVWfmE8.jpeg"}}, {"model": "main.image", "pk": 256, "fields": {"image": "gallery/hulk1_IAE8Y6m.jpeg"}}, {"model": "main.image", "pk": 257, "fields": {"image": "gallery/hulk2_a2xnEwF.jpeg"}}, {"model": "main.image", "pk": 258, "fields": {"image": "gallery/hulk3_xjJgitT.jpeg"}}, {"model": "main.image", "pk": 259, "fields": {"image": "gallery/hulk1_S9jB99V.jpeg"}}, {"model": "main.image", "pk": 260, "fields": {"image": "gallery/infwar1_50SHGZK.jpg"}}, {"model": "main.image", "pk": 261, "fields": {"image": "gallery/hulk1_LRV2Rp2.jpeg"}}, {"model": "main.image", "pk": 262, "fields": {"image": "gallery/hulk1_tjewLh7.jpeg"}}, {"model": "main.image", "pk": 263, "fields": {"image": "gallery/hulk2_zufV2IQ.jpeg"}}, {"model": "main.image", "pk": 264, "fields": {"image": "gallery/hulk3_pjkpedS.jpeg"}}, {"model": "main.image", "pk": 265, "fields": {"image": "gallery/hulk2_erzDoNi.jpeg"}}, {"model": "main.image", "pk": 266, "fields": {"image": "gallery/hulk1_E7BJZ09.jpeg"}}, {"model": "main.image", "pk": 267, "fields": {"image": "gallery/hulk3_XNXu26O.jpeg"}}, {"model": "main.image", "pk": 268, "fields": {"image": "gallery/hulk3_22D7qUo.jpeg"}}, {"model": "main.image", "pk": 269, "fields": {"image": "gallery/hulk1_GGLRPBe.jpeg"}}, {"model": "main.image", "pk": 270, "fields": {"image": "gallery/hulk2_x9hG3o1.jpeg"}}, {"model": "main.image", "pk": 271, "fields": {"image": "gallery/hulk1_2vpLYKl.jpeg"}}, {"model": "main.image", "pk": 272, "fields": {"image": "gallery/hulk2_AkvOp6D.jpeg"}}, {"model": "main.image", "pk": 273, "fields": {"image": "gallery/hulk3_Bmy6e1m.jpeg"}}, {"model": "main.image", "pk": 274, "fields": {"image": "gallery/hulk1true.jpg"}}, {"model": "main.image", "pk": 275, "fields": {"image": "gallery/hulk2true.jpg"}}, {"model": "main.image", "pk": 276, "fields": {"image": "gallery/hulk3true.jpg"}}, {"model": "main.image", "pk": 278, "fields": {"image": "gallery/hulk2true_V1tuqzY.jpg"}}, {"model": "main.image", "pk": 279, "fields": {"image": "gallery/hulk3true_HtXOPAV.jpg"}}, {"model": "main.image", "pk": 280, "fields": {"image": "gallery/hulk1true_iYfR9QL.jpg"}}, {"model": "main.image", "pk": 282, "fields": {"image": "gallery/hulk1true_BUPNk4T.jpg"}}, {"model": "main.image", "pk": 283, "fields": {"image": "gallery/hulk3true_EzH6wY9.jpg"}}, {"model": "main.image", "pk": 287, "fields": {"image": ""}}, {"model": "main.image", "pk": 288, "fields": {"image": "gallery/hulk1true_M7J2hp1.jpg"}}, {"model": "main.image", "pk": 289, "fields": {"image": ""}}, {"model": "main.image", "pk": 290, "fields": {"image": "gallery/hulk3true_cbFX4Eq.jpg"}}, {"model": "main.image", "pk": 291, "fields": {"image": "gallery/hulk2true_7raulQL.jpg"}}, {"model": "main.image", "pk": 292, "fields": {"image": ""}}, {"model": "main.image", "pk": 293, "fields": {"image": ""}}, {"model": "main.image", "pk": 296, "fields": {"image": "gallery/hulk2true_S6vyy01.jpg"}}, {"model": "main.image", "pk": 302, "fields": {"image": "gallery/hulk2true_xQih5AU.jpg"}}, {"model": "main.image", "pk": 306, "fields": {"image": "gallery/hulk3true_vqDMsqF.jpg"}}, {"model": "main.image", "pk": 307, "fields": {"image": "gallery/hulk1true_kVU03nW.jpg"}}, {"model": "main.image", "pk": 310, "fields": {"image": "gallery/hulk2true_6z62uaI.jpg"}}, {"model": "main.image", "pk": 311, "fields": {"image": "gallery/hulk1true_GpPLBuq.jpg"}}, {"model": "main.image", "pk": 312, "fields": {"image": "gallery/hulk2true_AMpIy9f.jpg"}}, {"model": "main.image", "pk": 313, "fields": {"image": "gallery/hulk3true_4S0AMhK.jpg"}}, {"model": "main.image", "pk": 314, "fields": {"image": "gallery/hulk1true_EoOVrxs.jpg"}}, {"model": "main.image", "pk": 315, "fields": {"image": "gallery/hulk2true_OwlOmL4.jpg"}}, {"model": "main.image", "pk": 316, "fields": {"image": "gallery/hulk3true_GBEPBkF.jpg"}}, {"model": "main.image", "pk": 319, "fields": {"image": "gallery/hulk2true_NFNGGXU.jpg"}}, {"model": "main.image", "pk": 320, "fields": {"image": "gallery/hulk1true_ItrYKkN.jpg"}}, {"model": "main.image", "pk": 321, "fields": {"image": "gallery/hulk2true_QhhKVbp.jpg"}}, {"model": "main.image", "pk": 322, "fields": {"image": "gallery/hulk3true_3MqHn52.jpg"}}, {"model": "main.image", "pk": 323, "fields": {"image": "gallery/hulk2true_WQqxRkr.jpg"}}, {"model": "main.image", "pk": 324, "fields": {"image": "gallery/hulk1true_rked90L.jpg"}}, {"model": "main.image", "pk": 325, "fields": {"image": "gallery/hulk3true_MRevDqp.jpg"}}, {"model": "main.image", "pk": 326, "fields": {"image": "gallery/hulk1true_m209Dfk.jpg"}}, {"model": "main.image", "pk": 327, "fields": {"image": "gallery/hulk2true_dJahw7H.jpg"}}, {"model": "main.image", "pk": 328, "fields": {"image": "gallery/hulk3true_yCdeVre.jpg"}}, {"model": "main.image", "pk": 329, "fields": {"image": "gallery/hulk1true_vbqTjhT.jpg"}}, {"model": "main.image", "pk": 330, "fields": {"image": "gallery/hulk2true_zhKWdR0.jpg"}}, {"model": "main.image", "pk": 331, "fields": {"image": "gallery/hulk3true_dDJ19Ne.jpg"}}, {"model": "main.image", "pk": 332, "fields": {"image": "gallery/hulk1true_38KXgpp.jpg"}}, {"model": "main.image", "pk": 333, "fields": {"image": "gallery/hulk2true_fJwaWR4.jpg"}}, {"model": "main.image", "pk": 334, "fields": {"image": "gallery/hulk3true_DOyUBbh.jpg"}}, {"model": "main.image", "pk": 335, "fields": {"image": "gallery/hulk1true_Ul2fSbO.jpg"}}, {"model": "main.image", "pk": 336, "fields": {"image": "gallery/hulk2true_529PFEi.jpg"}}, {"model": "main.image", "pk": 338, "fields": {"image": "gallery/hulk1true_WFbwkJ5.jpg"}}, {"model": "main.image", "pk": 339, "fields": {"image": "gallery/hulk2true_rKmnKWf.jpg"}}, {"model": "main.image", "pk": 340, "fields": {"image": "gallery/hulk3true_A2e8B7K.jpg"}}, {"model": "main.image", "pk": 341, "fields": {"image": "gallery/hulk3true_2oDY4fy.jpg"}}, {"model": "main.image", "pk": 342, "fields": {"image": "gallery/hulk1true_3eoZKfE.jpg"}}, {"model": "main.image", "pk": 344, "fields": {"image": "gallery/hulk3true_bEpdzFy.jpg"}}, {"model": "main.image", "pk": 346, "fields": {"image": "gallery/hulk1true_UYuzzNv.jpg"}}, {"model": "main.image", "pk": 347, "fields": {"image": "gallery/hulk2true_eToffiz.jpg"}}, {"model": "main.image", "pk": 348, "fields": {"image": "gallery/hulk3true_RoCdGaF.jpg"}}, {"model": "main.image", "pk": 349, "fields": {"image": "gallery/city1.jpeg"}}, {"model": "main.image", "pk": 350, "fields": {"image": "gallery/city2.jpeg"}}, {"model": "main.image", "pk": 351, "fields": {"image": "gallery/city3.jpeg"}}, {"model": "main.image", "pk": 352, "fields": {"image": "gallery/multi1.jpeg"}}, {"model": "main.image", "pk": 353, "fields": {"image": "gallery/multi2.jpeg"}}, {"model": "main.image", "pk": 354, "fields": {"image": "gallery/multi3.jpeg"}}, {"model": "main.image", "pk": 356, "fields": {"image": "gallery/hulk1true_nr3cCSY.jpg"}}, {"model": "main.image", "pk": 358, "fields": {"image": "gallery/hulk3true_q2z1iKQ.jpg"}}, {"model": "main.image", "pk": 359, "fields": {"image": "gallery/hulk1true_eHFG10s.jpg"}}, {"model": "main.image", "pk": 362, "fields": {"image": "gallery/hulk1true_FfKtJ1D.jpg"}}, {"model": "main.image", "pk": 363, "fields": {"image": "gallery/hulk3true_JwWE9vF.jpg"}}, {"model": "main.image", "pk": 364, "fields": {"image": "gallery/hulk1true_bTfR1Yj.jpg"}}, {"model": "main.image", "pk": 370, "fields": {"image": "gallery/hulk1true_wxYFf6X.jpg"}}, {"model": "main.image", "pk": 371, "fields": {"image": "gallery/hulk2true_1RnHEAn.jpg"}}, {"model": "main.image", "pk": 372, "fields": {"image": "gallery/hulk3true_VdoTvgH.jpg"}}, {"model": "main.image", "pk": 373, "fields": {"image": "gallery/hulk1true_49I5O9u.jpg"}}, {"model": "main.image", "pk": 374, "fields": {"image": "gallery/hulk2true_sjXk8Zr.jpg"}}, {"model": "main.image", "pk": 375, "fields": {"image": "gallery/halltrue2_oxLFUsJ.jpg"}}, {"model": "main.image", "pk": 376, "fields": {"image": "gallery/halltrue1_ICEd6I2.jpg"}}, {"model": "main.image", "pk": 378, "fields": {"image": "gallery/hulk1true_cSp0U88.jpg"}}, {"model": "main.image", "pk": 379, "fields": {"image": "gallery/hulk3true_Q89bvws.jpg"}}, {"model": "main.image", "pk": 380, "fields": {"image": "gallery/hulk3true_P89zwJE.jpg"}}, {"model": "main.image", "pk": 381, "fields": {"image": "gallery/hulk1true_BFKur6w.jpg"}}, {"model": "main.image", "pk": 382, "fields": {"image": "gallery/hulk1true_bge7Guf.jpg"}}, {"model": "main.image", "pk": 383, "fields": {"image": "gallery/hulk1true_0dUr35C.jpg"}}, {"model": "main.image", "pk": 384, "fields": {"image": "gallery/hulk2true_Mf7L41I.jpg"}}, {"model": "main.image", "pk": 385, "fields": {"image": "gallery/hulk3true_V6Hp1TB.jpg"}}, {"model": "main.image", "pk": 388, "fields": {"image": "gallery/hulk2true_g520ugn.jpg"}}, {"model": "main.image", "pk": 389, "fields": {"image": "gallery/hulk2true_mhkUsSq.jpg"}}, {"model": "main.image", "pk": 390, "fields": {"image": "gallery/hulk3true_cPtmaiO.jpg"}}, {"model": "main.image", "pk": 391, "fields": {"image": "gallery/halltrue1.jpg"}}, {"model": "main.image", "pk": 392, "fields": {"image": "gallery/halltrue2.jpg"}}, {"model": "main.image", "pk": 393, "fields": {"image": "gallery/halltrue3.jpg"}}, {"model": "main.image", "pk": 394, "fields": {"image": "gallery/halltrue2_ONvvAzC.jpg"}}, {"model": "main.image", "pk": 395, "fields": {"image": "gallery/halltrue1_bnK3ULf.jpg"}}, {"model": "main.image", "pk": 396, "fields": {"image": "gallery/halltrue1_xkvUEXp.jpg"}}, {"model": "main.image", "pk": 397, "fields": {"image": "gallery/halltrue2_Ma5D9uS.jpg"}}, {"model": "main.image", "pk": 398, "fields": {"image": "gallery/halltrue3_CtMYKfu.jpg"}}, {"model": "main.image", "pk": 399, "fields": {"image": "gallery/halltrue1_HyyrGBS.jpg"}}, {"model": "main.image", "pk": 400, "fields": {"image": "gallery/halltrue2_wL1ufqs.jpg"}}, {"model": "main.image", "pk": 401, "fields": {"image": "gallery/halltrue3_H6TnDXe.jpg"}}, {"model": "main.image", "pk": 402, "fields": {"image": "gallery/halltrue1_wk3v0BR.jpg"}}, {"model": "main.image", "pk": 403, "fields": {"image": "gallery/halltrue2_YAVwr1u.jpg"}}, {"model": "main.image", "pk": 404, "fields": {"image": "gallery/halltrue3_UPwzHTA.jpg"}}, {"model": "main.image", "pk": 405, "fields": {"image": "gallery/citytrue1.jpg"}}, {"model": "main.image", "pk": 406, "fields": {"image": "gallery/citytrue2.jpg"}}, {"model": "main.image", "pk": 407, "fields": {"image": "gallery/citytrue3.jpg"}}, {"model": "main.image", "pk": 408, "fields": {"image": "gallery/citytrue3_RKckfLn.jpg"}}, {"model": "main.image", "pk": 409, "fields": {"image": "gallery/citytrue1_LT09qAo.jpg"}}, {"model": "main.image", "pk": 412, "fields": {"image": "gallery/citytrue2_GswSGv9.jpg"}}, {"model": "main.image", "pk": 413, "fields": {"image": "gallery/halltrue3_Z5QEfrj.jpg"}}, {"model": "main.image", "pk": 414, "fields": {"image": "gallery/citytrue3_T6qZjXr.jpg"}}, {"model": "main.image", "pk": 415, "fields": {"image": "gallery/citytrue2_WFoWkoe.jpg"}}, {"model": "main.image", "pk": 418, "fields": {"image": "gallery/halltrue1_4fpRGlJ.jpg"}}, {"model": "main.image", "pk": 420, "fields": {"image": "gallery/citytrue1_KHSS67K.jpg"}}, {"model": "main.image", "pk": 421, "fields": {"image": "gallery/citytrue2_CduPk7M.jpg"}}, {"model": "main.image", "pk": 422, "fields": {"image": "gallery/citytrue1_qvTbAlS.jpg"}}, {"model": "main.image", "pk": 423, "fields": {"image": "gallery/citytrue2_7pkQHls.jpg"}}, {"model": "main.image", "pk": 424, "fields": {"image": "gallery/citytrue3_mBfbEe7.jpg"}}, {"model": "main.image", "pk": 425, "fields": {"image": "gallery/citytrue3_RYV5CWJ.jpg"}}, {"model": "main.image", "pk": 426, "fields": {"image": "gallery/halltrue2_8b1iLpB.jpg"}}, {"model": "main.image", "pk": 427, "fields": {"image": "gallery/halltrue3_sJshHH5.jpg"}}, {"model": "main.image", "pk": 429, "fields": {"image": "gallery/citytrue1_u9vGNHe.jpg"}}, {"model": "main.image", "pk": 430, "fields": {"image": "gallery/citytrue2_4tHBOWq.jpg"}}, {"model": "main.image", "pk": 436, "fields": {"image": "gallery/halltrue1_7K0jeJi.jpg"}}, {"model": "main.image", "pk": 437, "fields": {"image": "gallery/halltrue2_nybkXGx.jpg"}}, {"model": "main.image", "pk": 438, "fields": {"image": "gallery/halltrue3_eqE20uj.jpg"}}, {"model": "main.image", "pk": 439, "fields": {"image": "gallery/citytrue2_eUqGVR4.jpg"}}, {"model": "main.image", "pk": 440, "fields": {"image": "gallery/citytrue3_JVJuKz4.jpg"}}, {"model": "main.image", "pk": 441, "fields": {"image": "gallery/citytrue2_a3cDmi0.jpg"}}, {"model": "main.image", "pk": 442, "fields": {"image": "gallery/citytrue3_6URANc6.jpg"}}, {"model": "main.image", "pk": 443, "fields": {"image": "gallery/citytrue3_YP2MDRM.jpg"}}, {"model": "main.image", "pk": 444, "fields": {"image": "gallery/halltrue2_NlFFxvU.jpg"}}, {"model": "main.image", "pk": 449, "fields": {"image": "gallery/halltrue1_Vg3rPYw.jpg"}}, {"model": "main.image", "pk": 451, "fields": {"image": "gallery/hulk2true_24SPgqo.jpg"}}, {"model": "main.image", "pk": 455, "fields": {"image": "gallery/hulk1true_iJzHD8V.jpg"}}, {"model": "main.image", "pk": 456, "fields": {"image": "gallery/hulk3true_lvy9dHL.jpg"}}, {"model": "main.image", "pk": 457, "fields": {"image": "gallery/halltrue1_lPMa61W.jpg"}}, {"model": "main.image", "pk": 458, "fields": {"image": "gallery/halltrue2_oNlVEUH.jpg"}}, {"model": "main.image", "pk": 459, "fields": {"image": "gallery/halltrue3_5si0x3u.jpg"}}, {"model": "main.image", "pk": 460, "fields": {"image": "gallery/halltrue2_h9CAoRD.jpg"}}, {"model": "main.image", "pk": 461, "fields": {"image": "gallery/halltrue2_1TcNyw7.jpg"}}, {"model": "main.image", "pk": 462, "fields": {"image": "gallery/halltrue1_mh8WtXq.jpg"}}, {"model": "main.image", "pk": 463, "fields": {"image": "gallery/pit_3C11Phj.jpg"}}, {"model": "main.image", "pk": 464, "fields": {"image": "gallery/angelina_Xu2xb6V.jpg"}}, {"model": "main.image", "pk": 465, "fields": {"image": "gallery/angelina_Fj6Kzd1.jpg"}}, {"model": "main.image", "pk": 466, "fields": {"image": "gallery/citytrue1_JgtQE38.jpg"}}, {"model": "main.image", "pk": 467, "fields": {"image": "gallery/Coca_UGZjUVs.jpg"}}, {"model": "main.image", "pk": 468, "fields": {"image": "gallery/halltrue1_t9WA8G3.jpg"}}, {"model": "main.image", "pk": 469, "fields": {"image": "gallery/halltrue2_jb1ePyF.jpg"}}, {"model": "main.image", "pk": 470, "fields": {"image": "gallery/halltrue3_nkCOOwr.jpg"}}, {"model": "main.image", "pk": 484, "fields": {"image": "gallery/imgonline-com-ua-Resize-mYI1a00IPFcs.jpg"}}, {"model": "main.image", "pk": 485, "fields": {"image": "gallery/imgonline-com-ua-Resize-dyhw2oDg5Q37DO.jpg"}}, {"model": "main.image", "pk": 488, "fields": {"image": "gallery/halltrue3_kTaGyjB.jpg"}}, {"model": "main.image", "pk": 489, "fields": {"image": "gallery/imgonline-com-ua-Resize-fbKfiJXPETQ3M.jpg"}}, {"model": "main.image", "pk": 490, "fields": {"image": "gallery/imgonline-com-ua-Resize-JLuN5xZjUIu.jpg"}}, {"model": "main.image", "pk": 491, "fields": {"image": "gallery/imgonline-com-ua-Resize-F0L7WnRm0O.jpg"}}, {"model": "main.image", "pk": 492, "fields": {"image": "gallery/imgonline-com-ua-Resize-xNnhNGtOa1.jpg"}}, {"model": "main.image", "pk": 493, "fields": {"image": "gallery/imgonline-com-ua-Resize-Iiz8BdkxNpV.jpg"}}, {"model": "main.image", "pk": 494, "fields": {"image": "gallery/imgonline-com-ua-Resize-NlmcuWMbOgpR6As.jpg"}}, {"model": "main.image", "pk": 495, "fields": {"image": "gallery/imgonline-com-ua-Resize-Iiz8BdkxNpV_8qO4EEk.jpg"}}, {"model": "main.image", "pk": 498, "fields": {"image": "gallery/мор.jpeg"}}, {"model": "main.image", "pk": 499, "fields": {"image": "gallery/мор1.jpeg"}}, {"model": "main.image", "pk": 500, "fields": {"image": "gallery/мор3.jpeg"}}, {"model": "main.image", "pk": 501, "fields": {"image": "gallery/imgonline-com-ua-Resize-A0rhQdtVUFH5Cuwk.jpg"}}, {"model": "main.image", "pk": 502, "fields": {"image": "gallery/imgonline-com-ua-Resize-EgYvPdIM08bz.jpg"}}, {"model": "main.image", "pk": 503, "fields": {"image": "gallery/DS2_R5dt3Wx.jpg"}}, {"model": "main.image", "pk": 504, "fields": {"image": "gallery/imgonline-com-ua-Resize-gLWL01gAG2PA.jpg"}}, {"model": "main.image", "pk": 505, "fields": {"image": "gallery/imgonline-com-ua-Resize-4ZGQFZBWTUfcLC5p.jpg"}}, {"model": "main.image", "pk": 506, "fields": {"image": "gallery/imgonline-com-ua-Resize-Et2Accupvl0SN0.jpg"}}, {"model": "main.image", "pk": 507, "fields": {"image": "gallery/imgonline-com-ua-Resize-CL5DgqZ620fUQ.jpg"}}, {"model": "main.image", "pk": 508, "fields": {"image": "gallery/imgonline-com-ua-Resize-3Y16v3vCwopcJsd.jpg"}}, {"model": "main.image", "pk": 509, "fields": {"image": "gallery/imgonline-com-ua-Resize-V2dacZo7Uu.jpg"}}, {"model": "main.image", "pk": 510, "fields": {"image": "gallery/imgonline-com-ua-Resize-vJ7FuAk5eBV.jpg"}}, {"model": "main.image", "pk": 511, "fields": {"image": "gallery/imgonline-com-ua-Resize-9LBTrsDAzdHoYZYe.jpg"}}, {"model": "main.image", "pk": 512, "fields": {"image": "gallery/imgonline-com-ua-Resize-3joC4NmptP.jpg"}}, {"model": "main.image", "pk": 513, "fields": {"image": "gallery/imgonline-com-ua-Resize-gAsYl0kcC0kB.jpg"}}, {"model": "main.image", "pk": 514, "fields": {"image": "gallery/imgonline-com-ua-Resize-fBL4yfjSMOJQgkr.jpg"}}, {"model": "main.image", "pk": 515, "fields": {"image": "gallery/imgonline-com-ua-Resize-ys1HidUucbm.jpg"}}, {"model": "main.image", "pk": 516, "fields": {"image": "gallery/imgonline-com-ua-Resize-L65YwlJKUBEjUMaU.jpg"}}, {"model": "main.image", "pk": 517, "fields": {"image": "gallery/imgonline-com-ua-Resize-CSxU4dsjqI.jpg"}}, {"model": "main.image", "pk": 518, "fields": {"image": "gallery/imgonline-com-ua-Resize-FI1tyFfXB3V9yUo.jpg"}}, {"model": "main.image", "pk": 519, "fields": {"image": "gallery/thor4_uuAG4M5.jpg"}}, {"model": "main.image", "pk": 520, "fields": {"image": "gallery/imgonline-com-ua-Resize-vw24MznZXEb5.jpg"}}, {"model": "main.image", "pk": 521, "fields": {"image": "gallery/imgonline-com-ua-Resize-DPDckdsgVjvNJZxS.jpg"}}, {"model": "main.image", "pk": 522, "fields": {"image": "gallery/imgonline-com-ua-Resize-b3GyInVDkCNo8.jpg"}}, {"model": "main.image", "pk": 523, "fields": {"image": "gallery/imgonline-com-ua-Resize-iILbU07enFxnEs.jpg"}}, {"model": "main.seo", "pk": 1, "fields": {"url": "https://www.youtube.com/watch?v=bxwt6TvNxas", "title": "Avengers", "keyword": "Avengers, 2012", "description": ",vkgjkggmj ghkltgjboijt b,[tpk;"}}, {"model": "main.seo", "pk": 2, "fields": {"url": "https://www.youtube.com/watch?v=FxTlOl03x9c", "title": "First Avenger", "keyword": "film, avenger", "description": "nviojrpov vkrpokpvm rpvkkprkc"}}, {"model": "main.seo", "pk": 3, "fields": {"url": "https://www.youtube.com/watch?v=UsnDPok1ZOU", "title": "Avengers: Infinity war", "keyword": "film, avenger, infinity", "description": "vmrtpvompormpom vprmvopmpr,mvpm vrpovm"}}, {"model": "main.seo", "pk": 4, "fields": {"url": "https://www.youtube.com/watch?v=fMKZMI8ByTs", "title": "Cinema", "keyword": "Cinema, film", "description": "Cinema, filmCinema, filmCinema, film"}}, {"model": "main.seo", "pk": 5, "fields": {"url": "https://www.youtube.com/watch?v=fMKZMI8ByTs", "title": "IronMan", "keyword": "iron, film, man", "description": "ffffffffffffffffff"}}, {"model": "main.seo", "pk": 6, "fields": {"url": "https://www.youtube.com/watch?v=fMKZMI8ByTs", "title": "IronMan", "keyword": "iron, film, man", "description": "ffffffffffffffff"}}, {"model": "main.seo", "pk": 7, "fields": {"url": "https://www.youtube.com/watch?v=fMKZMI8ByTs", "title": "IronMan", "keyword": "film, Iron man", "description": "ddddddddddddddddd"}}, {"model": "main.seo", "pk": 8, "fields": {"url": "https://www.youtube.com/watch?v=fMKZMI8ByTs", "title": "IronMan", "keyword": "film, Iron man", "description": "fffffffffffffffffff"}}, {"model": "main.seo", "pk": 9, "fields": {"url": "https://www.youtube.com/watch?v=fMKZMI8ByTs", "title": "IronMan", "keyword": "film, Iron man", "description": "ropvmrpom rmcrncib"}}, {"model": "main.seo", "pk": 10, "fields": {"url": "https://www.youtube.com/watch?v=_-iXjRm3jG0", "title": "Hulk", "keyword": "film, hulk", "description": "film, hulkfilm, hulkfilm, hulkfilm, hulk"}}, {"model": "main.seo", "pk": 11, "fields": {"url": "https://www.youtube.com/watch?v=_-iXjRm3jG0", "title": "Hulk", "keyword": "film, hulk", "description": "film, hulkfilm, hulkfilm, hulk"}}, {"model": "main.seo", "pk": 12, "fields": {"url": "https://www.youtube.com/watch?v=_-iXjRm3jG0", "title": "Hulk", "keyword": "film, hulk", "description": "film, hulkfilm, hulkfilm, hulk"}}, {"model": "main.seo", "pk": 13, "fields": {"url": "https://www.youtube.com/watch?v=_-iXjRm3jG0", "title": "Hulk", "keyword": "film, hulk", "description": "film, hulkfilm, hulkfilm, hulk"}}, {"model": "main.seo", "pk": 14, "fields": {"url": "https://www.youtube.com/watch?v=_-iXjRm3jG0", "title": "Hulk", "keyword": "film, hulk", "description": "film, hulkfilm, hulkfilm, hulk"}}, {"model": "main.seo", "pk": 15, "fields": {"url": "https://www.youtube.com/watch?v=_-iXjRm3jG0", "title": "Hulk", "keyword": "film, hulk", "description": "film, hulkfilm, hulkfilm, hulk"}}, {"model": "main.seo", "pk": 16, "fields": {"url": "https://www.youtube.com/watch?v=_-iXjRm3jG0", "title": "Hulk", "keyword": "film, hulk", "description": "film, hulkfilm, hulkfilm, hulk"}}, {"model": "main.seo", "pk": 17, "fields": {"url": "https://www.youtube.com/watch?v=_-iXjRm3jG0", "title": "Hulk", "keyword": "film, hulk", "description": "film, hulkfilm, hulkfilm, hulk"}}, {"model": "main.seo", "pk": 18, "fields": {"url": "https://www.youtube.com/watch?v=_-iXjRm3jG0", "title": "Hulk", "keyword": "film, hulk", "description": "film, hulkfilm, hulkfilm, hulk"}}, {"model": "main.seo", "pk": 19, "fields": {"url": "https://www.youtube.com/watch?v=_-iXjRm3jG0", "title": "Hulk", "keyword": "film, hulk", "description": "film, hulkfilm, hulkfilm, hulk"}}, {"model": "main.seo", "pk": 20, "fields": {"url": "https://www.youtube.com/watch?v=_-iXjRm3jG0", "title": "Hulk", "keyword": "film, hulk", "description": "film, hulkfilm, hulkfilm, hulk"}}, {"model": "main.seo", "pk": 21, "fields": {"url": "https://www.youtube.com/watch?v=_-iXjRm3jG0", "title": "Hulk", "keyword": "film, hulk", "description": "film, hulkfilm, hulkfilm, hulk"}}, {"model": "main.seo", "pk": 22, "fields": {"url": "https://www.youtube.com/watch?v=_-iXjRm3jG0", "title": "Hulk", "keyword": "film, hulk", "description": "film, hulkfilm, hulkfilm, hulk"}}, {"model": "main.seo", "pk": 23, "fields": {"url": "https://www.youtube.com/watch?v=_-iXjRm3jG0", "title": "Hulk", "keyword": "film, hulk", "description": "film, hulkfilm, hulkfilm, hulk"}}, {"model": "main.seo", "pk": 24, "fields": {"url": "https://www.youtube.com/watch?v=_-iXjRm3jG0", "title": "Hulk", "keyword": "film, hulk", "description": "film, hulkfilm, hulkfilm, hulk"}}, {"model": "main.seo", "pk": 25, "fields": {"url": "https://www.youtube.com/watch?v=_-iXjRm3jG0", "title": "Hulk", "keyword": "film, hulk", "description": "film, hulkfilm, hulkfilm, hulk"}}, {"model": "main.seo", "pk": 26, "fields": {"url": "https://www.youtube.com/watch?v=_-iXjRm3jG0", "title": "Hulk", "keyword": "film, hulk", "description": "film, hulkfilm, hulkfilm, hulk"}}, {"model": "main.seo", "pk": 27, "fields": {"url": "https://www.youtube.com/watch?v=_-iXjRm3jG0", "title": "Hulk", "keyword": "film, hulk", "description": "film, hulkfilm, hulkfilm, hulk"}}, {"model": "main.seo", "pk": 28, "fields": {"url": "https://www.youtube.com/watch?v=_-iXjRm3jG0", "title": "Hulk", "keyword": "film, hulk", "description": "film, hulkfilm, hulkfilm, hulk"}}, {"model": "main.seo", "pk": 29, "fields": {"url": "https://www.youtube.com/watch?v=_-iXjRm3jG0", "title": "Hulk", "keyword": "film, hulk", "description": "film, hulkfilm, hulkfilm, hulk"}}, {"model": "main.seo", "pk": 30, "fields": {"url": "https://www.youtube.com/watch?v=_-iXjRm3jG0", "title": "Hulk", "keyword": "film, hulk", "description": "film, hulkfilm, hulkfilm, hulk"}}, {"model": "main.seo", "pk": 31, "fields": {"url": "https://www.youtube.com/watch?v=_-iXjRm3jG0", "title": "Hulk", "keyword": "film, hulk", "description": "film, hulkfilm, hulkfilm, hulk"}}, {"model": "main.seo", "pk": 32, "fields": {"url": "https://www.youtube.com/watch?v=_-iXjRm3jG0", "title": "Hulk", "keyword": "film, hulk", "description": "film, hulkfilm, hulkfilm, hulk"}}, {"model": "main.seo", "pk": 33, "fields": {"url": "https://www.youtube.com/watch?v=_-iXjRm3jG0", "title": "Hulk", "keyword": "film, hulk", "description": "вввввввввввв"}}, {"model": "main.seo", "pk": 34, "fields": {"url": "https://www.youtube.com/watch?v=_-iXjRm3jG0", "title": "Hulk", "keyword": "film, hulk", "description": "ввввввввввввв"}}, {"model": "main.seo", "pk": 35, "fields": {"url": "https://www.youtube.com/watch?v=_-iXjRm3jG0", "title": "Hulk", "keyword": "film, hulk", "description": "ввввввввввввв"}}, {"model": "main.seo", "pk": 36, "fields": {"url": "https://www.youtube.com/watch?v=_-iXjRm3jG0", "title": "Hulk", "keyword": "film, hulk", "description": "ааааааааааааааааа"}}, {"model": "main.seo", "pk": 37, "fields": {"url": "https://www.youtube.com/watch?v=_-iXjRm3jG0", "title": "Hulk", "keyword": "film, hulk", "description": "ввввввввввввввввв"}}, {"model": "main.seo", "pk": 38, "fields": {"url": "https://www.youtube.com/watch?v=_-iXjRm3jG0", "title": "Hulk", "keyword": "film, hulk", "description": "dddddddddddddd"}}, {"model": "main.seo", "pk": 39, "fields": {"url": "https://www.youtube.com/watch?v=_-iXjRm3jG0", "title": "Hulk", "keyword": "film, hulk", "description": "film, hulkfilm, hulkfilm, hulk"}}, {"model": "main.seo", "pk": 40, "fields": {"url": "https://www.youtube.com/watch?v=_-iXjRm3jG0", "title": "Hulk", "keyword": "film, hulk", "description": "film, hulkfilm, hulkfilm, hulk"}}, {"model": "main.seo", "pk": 41, "fields": {"url": "https://www.youtube.com/watch?v=_-iXjRm3jG0", "title": "Hulk", "keyword": "film, hulk", "description": "film, hulkfilm, hulkfilm, hulk"}}, {"model": "main.seo", "pk": 42, "fields": {"url": "https://www.youtube.com/watch?v=_-iXjRm3jG0", "title": "Hulk", "keyword": "film, hulk", "description": "film, hulkfilm, hulkfilm, hulk"}}, {"model": "main.seo", "pk": 43, "fields": {"url": "https://www.youtube.com/watch?v=_-iXjRm3jG0", "title": "Hulk", "keyword": "film, hulk", "description": "film, hulkfilm, hulkfilm, hulk"}}, {"model": "main.seo", "pk": 44, "fields": {"url": "https://www.youtube.com/watch?v=_-iXjRm3jG0", "title": "Hulk", "keyword": "film, hulk", "description": "film, hulkfilm, hulkfilm, hulk"}}, {"model": "main.seo", "pk": 45, "fields": {"url": "https://www.youtube.com/watch?v=_-iXjRm3jG0", "title": "Hulk", "keyword": "film, hulk", "description": "film, hulkfilm, hulkfilm, hulk"}}, {"model": "main.seo", "pk": 46, "fields": {"url": "https://www.youtube.com/watch?v=_-iXjRm3jG0", "title": "Hulk", "keyword": "film, hulk", "description": "film, hulkfilm, hulkfilm, hulk"}}, {"model": "main.seo", "pk": 47, "fields": {"url": "https://www.youtube.com/watch?v=_-iXjRm3jG0", "title": "Hulk", "keyword": "film, hulk", "description": "film, hulkfilm, hulkfilm, hulk"}}, {"model": "main.seo", "pk": 48, "fields": {"url": "https://www.youtube.com/watch?v=_-iXjRm3jG0", "title": "Hulk", "keyword": "film, hulk", "description": "film, hulkfilm, hulkfilm, hulk"}}, {"model": "main.seo", "pk": 49, "fields": {"url": "https://www.youtube.com/watch?v=_-iXjRm3jG0", "title": "Hulk", "keyword": "film, hulk", "description": "film, hulkfilm, hulkfilm, hulk"}}, {"model": "main.seo", "pk": 50, "fields": {"url": "https://www.youtube.com/watch?v=_-iXjRm3jG0", "title": "Hulk", "keyword": "film, hulk", "description": "film, hulkfilm, hulkfilm, hulk"}}, {"model": "main.seo", "pk": 51, "fields": {"url": "https://www.youtube.com/watch?v=_-iXjRm3jG0", "title": "Hulk", "keyword": "film, hulk", "description": "film, hulkfilm, hulkfilm, hulk"}}, {"model": "main.seo", "pk": 52, "fields": {"url": "https://www.youtube.com/watch?v=_-iXjRm3jG0", "title": "Hulk", "keyword": "film, hulk", "description": "film, hulkfilm, hulkfilm, hulk"}}, {"model": "main.seo", "pk": 53, "fields": {"url": "https://www.youtube.com/watch?v=_-iXjRm3jG0", "title": "Hulk", "keyword": "film, hulk", "description": "film, hulkfilm, hulkfilm, hulk"}}, {"model": "main.seo", "pk": 54, "fields": {"url": "https://www.youtube.com/watch?v=_-iXjRm3jG0", "title": "Hulk", "keyword": "film, hulk", "description": "film, hulkfilm, hulkfilm, hulk"}}, {"model": "main.seo", "pk": 55, "fields": {"url": "https://www.youtube.com/watch?v=_-iXjRm3jG0", "title": "Hulk", "keyword": "film, hulk", "description": "film, hulkfilm, hulkfilm, hulk"}}, {"model": "main.seo", "pk": 56, "fields": {"url": "https://www.youtube.com/watch?v=_-iXjRm3jG0", "title": "Hulk", "keyword": "film, hulk", "description": "film, hulkfilm, hulkfilm, hulk"}}, {"model": "main.seo", "pk": 57, "fields": {"url": "https://www.youtube.com/watch?v=_-iXjRm3jG0", "title": "Hulk", "keyword": "film, hulk", "description": "film, hulkfilm, hulkfilm, hulk"}}, {"model": "main.seo", "pk": 58, "fields": {"url": "https://www.youtube.com/watch?v=_-iXjRm3jG0", "title": "Hulk", "keyword": "film, hulk", "description": "film, hulkfilm, hulkfilm, hulk"}}, {"model": "main.seo", "pk": 59, "fields": {"url": "https://www.youtube.com/watch?v=_-iXjRm3jG0", "title": "Hulk", "keyword": "film, hulk", "description": "film, hulkfilm, hulkfilm, hulk"}}, {"model": "main.seo", "pk": 60, "fields": {"url": "https://www.youtube.com/watch?v=_-iXjRm3jG0", "title": "Hulk", "keyword": "film, hulk", "description": "film, hulkfilm, hulkfilm, hulk"}}, {"model": "main.seo", "pk": 61, "fields": {"url": "https://www.youtube.com/watch?v=_-iXjRm3jG0", "title": "Hulk", "keyword": "film, hulk", "description": "film, hulkfilm, hulkfilm, hulk"}}, {"model": "main.seo", "pk": 62, "fields": {"url": "https://www.youtube.com/watch?v=_-iXjRm3jG0", "title": "Hulk", "keyword": "film, hulk", "description": "film, hulkfilm, hulkfilm, hulk"}}, {"model": "main.seo", "pk": 63, "fields": {"url": "https://www.youtube.com/watch?v=_-iXjRm3jG0", "title": "Hulk", "keyword": "film, hulk", "description": "film, hulkfilm, hulkfilm, hulk"}}, {"model": "main.seo", "pk": 64, "fields": {"url": "https://www.youtube.com/watch?v=_-iXjRm3jG0", "title": "Hulk", "keyword": "film, hulk", "description": "вввввввввв"}}, {"model": "main.seo", "pk": 65, "fields": {"url": "https://www.youtube.com/watch?v=_-iXjRm3jG0", "title": "Hulk", "keyword": "film, hulk", "description": "вввввв"}}, {"model": "main.seo", "pk": 66, "fields": {"url": "https://www.youtube.com/watch?v=_-iXjRm3jG0", "title": "Hulk", "keyword": "film, hulk", "description": "ввввввввв"}}, {"model": "main.seo", "pk": 67, "fields": {"url": "https://www.youtube.com/watch?v=_-iXjRm3jG0", "title": "Hulk", "keyword": "film, hulk", "description": "вввввввввв"}}, {"model": "main.seo", "pk": 68, "fields": {"url": "https://www.youtube.com/watch?v=_-iXjRm3jG0", "title": "Hulk", "keyword": "film, hulk", "description": "вввввввввввв"}}, {"model": "main.seo", "pk": 69, "fields": {"url": "https://www.youtube.com/watch?v=_-iXjRm3jG0", "title": "Hulk", "keyword": "film, hulk", "description": "вввввввввввв"}}, {"model": "main.seo", "pk": 70, "fields": {"url": "https://www.youtube.com/watch?v=_-iXjRm3jG0", "title": "Hulk", "keyword": "film, hulk", "description": "film, hulkfilm, hulkfilm, hulk"}}, {"model": "main.seo", "pk": 71, "fields": {"url": "https://www.youtube.com/watch?v=_-iXjRm3jG0", "title": "Hulk", "keyword": "film, hulk", "description": "film, hulkfilm, hulkfilm, hulk"}}, {"model": "main.seo", "pk": 72, "fields": {"url": "https://www.youtube.com/watch?v=_-iXjRm3jG0", "title": "Hulk", "keyword": "film, hulk", "description": "film, hulkfilm, hulkfilm, hulk"}}, {"model": "main.seo", "pk": 73, "fields": {"url": "https://www.youtube.com/watch?v=_-iXjRm3jG0", "title": "Hulk", "keyword": "film, hulk", "description": "film, hulkfilm, hulkfilm, hulk"}}, {"model": "main.seo", "pk": 74, "fields": {"url": "https://www.youtube.com/watch?v=_-iXjRm3jG0", "title": "Hulk", "keyword": "film, hulk", "description": "film, hulkfilm, hulkfilm, hulk"}}, {"model": "main.seo", "pk": 75, "fields": {"url": "https://www.youtube.com/watch?v=_-iXjRm3jG0", "title": "Hulk", "keyword": "film, hulk", "description": "film, hulkfilm, hulkfilm, hulk"}}, {"model": "main.seo", "pk": 76, "fields": {"url": "https://www.youtube.com/watch?v=_-iXjRm3jG0", "title": "Hulk", "keyword": "film, hulk", "description": "film, hulkfilm, hulkfilm, hulk"}}, {"model": "main.seo", "pk": 77, "fields": {"url": "https://www.youtube.com/watch?v=_-iXjRm3jG0", "title": "Hulk", "keyword": "film, hulk", "description": "film, hulkfilm, hulkfilm, hulk"}}, {"model": "main.seo", "pk": 78, "fields": {"url": "https://www.youtube.com/watch?v=_-iXjRm3jG0", "title": "Hulk", "keyword": "film, hulk", "description": "film, hulkfilm, hulkfilm, hulk"}}, {"model": "main.seo", "pk": 79, "fields": {"url": "https://www.youtube.com/watch?v=_-iXjRm3jG0", "title": "Hulk", "keyword": "film, hulk", "description": "ввввввввв"}}, {"model": "main.seo", "pk": 80, "fields": {"url": "https://www.youtube.com/watch?v=_-iXjRm3jG0", "title": "Hulk", "keyword": "film, hulk", "description": "ввввввввв"}}, {"model": "main.seo", "pk": 81, "fields": {"url": "https://www.youtube.com/watch?v=_-iXjRm3jG0", "title": "Hulk", "keyword": "film, hulk", "description": "ввввввввв"}}, {"model": "main.seo", "pk": 82, "fields": {"url": "https://www.youtube.com/watch?v=_-iXjRm3jG0", "title": "Hulk", "keyword": "film, hulk", "description": "ввввввввв"}}, {"model": "main.seo", "pk": 83, "fields": {"url": "https://www.youtube.com/watch?v=_-iXjRm3jG0", "title": "Hulk", "keyword": "film, hulk", "description": "film, hulkfilm, hulkfilm, hulk"}}, {"model": "main.seo", "pk": 84, "fields": {"url": "https://www.youtube.com/watch?v=_-iXjRm3jG0", "title": "Hulk", "keyword": "film, hulk", "description": "hulkhulkhulkhulk"}}, {"model": "main.seo", "pk": 85, "fields": {"url": "https://www.youtube.com/watch?v=_-iXjRm3jG0", "title": "Hulk", "keyword": "film, hulk", "description": "hulkhulkhulkhulk"}}, {"model": "main.seo", "pk": 86, "fields": {"url": "https://www.youtube.com/watch?v=_-iXjRm3jG0", "title": "Hulk", "keyword": "film, hulk", "description": "вввввввввввввв"}}, {"model": "main.seo", "pk": 87, "fields": {"url": "https://www.youtube.com/watch?v=_-iXjRm3jG0", "title": "Hulk", "keyword": "film, hulk", "description": "ввввввввввввввввв"}}, {"model": "main.seo", "pk": 88, "fields": {"url": "https://www.youtube.com/watch?v=_-iXjRm3jG0", "title": "Hulk", "keyword": "film, hulk", "description": "ввввввввввввввв"}}, {"model": "main.seo", "pk": 89, "fields": {"url": "https://www.youtube.com/watch?v=_-iXjRm3jG0", "title": "Hulk", "keyword": "film, hulk", "description": "ввввввввввввввв"}}, {"model": "main.seo", "pk": 90, "fields": {"url": "https://www.youtube.com/watch?v=fMKZMI8ByTs", "title": "Hulk", "keyword": "film, hulk", "description": "вввввввввввв"}}, {"model": "main.seo", "pk": 91, "fields": {"url": "https://www.youtube.com/watch?v=_-iXjRm3jG0", "title": "Hulk", "keyword": "film, hulk", "description": "ввввввввввв"}}, {"model": "main.seo", "pk": 92, "fields": {"url": "https://www.youtube.com/watch?v=_-iXjRm3jG0", "title": "Hulk", "keyword": "film, hulk", "description": "film, hulkfilm, hulkfilm, hulk"}}, {"model": "main.seo", "pk": 93, "fields": {"url": "https://www.youtube.com/watch?v=_-iXjRm3jG0", "title": "Hulk", "keyword": "film, hulk", "description": "ввввввввввввв"}}, {"model": "main.seo", "pk": 94, "fields": {"url": "https://www.youtube.com/watch?v=_-iXjRm3jG0", "title": "IronMan", "keyword": "film, Iron man", "description": "film, Iron manfilm, Iron manfilm, Iron man"}}, {"model": "main.seo", "pk": 95, "fields": {"url": "https://www.youtube.com/watch?v=_-iXjRm3jG0", "title": "Hulk", "keyword": "film, hulk", "description": "ввввввввввввввв"}}, {"model": "main.seo", "pk": 96, "fields": {"url": "https://www.youtube.com/watch?v=_-iXjRm3jG0", "title": "Hulk", "keyword": "film, hulk", "description": "ввввввввввввввв"}}, {"model": "main.seo", "pk": 97, "fields": {"url": "https://www.youtube.com/watch?v=_-iXjRm3jG0", "title": "Hulk", "keyword": "film, hulk", "description": "вввввввввввввввввв"}}, {"model": "main.seo", "pk": 98, "fields": {"url": "https://www.youtube.com/watch?v=_-iXjRm3jG0", "title": "Hulk", "keyword": "film, hulk", "description": "вввввввввввввввв"}}, {"model": "main.seo", "pk": 99, "fields": {"url": "https://www.youtube.com/watch?v=_-iXjRm3jG0", "title": "Hulk", "keyword": "film, hulk", "description": "вввввввввввввввв"}}, {"model": "main.seo", "pk": 100, "fields": {"url": "https://www.youtube.com/watch?v=_-iXjRm3jG0", "title": "Hulk", "keyword": "film, hulk", "description": "ввввввввввввввввввввввв"}}, {"model": "main.seo", "pk": 101, "fields": {"url": "https://www.youtube.com/watch?v=_-iXjRm3jG0", "title": "Hulk", "keyword": "film, hulk", "description": "ввввввввввв"}}, {"model": "main.seo", "pk": 102, "fields": {"url": "https://www.youtube.com/watch?v=_-iXjRm3jG0", "title": "Hulk", "keyword": "film, hulk", "description": "ввввввввввв"}}, {"model": "main.seo", "pk": 103, "fields": {"url": "https://www.youtube.com/watch?v=_-iXjRm3jG0", "title": "Hulk", "keyword": "film, hulk", "description": "ввввввввввв"}}, {"model": "main.seo", "pk": 104, "fields": {"url": "https://www.youtube.com/watch?v=_-iXjRm3jG0", "title": "Hulk", "keyword": "film, hulk", "description": "film, hulkfilm, hulkfilm, hulk"}}, {"model": "main.seo", "pk": 105, "fields": {"url": "https://www.youtube.com/watch?v=_-iXjRm3jG0", "title": "Hulk", "keyword": "film, hulk", "description": "film, hulkfilm, hulkfilm, hulk"}}, {"model": "main.seo", "pk": 106, "fields": {"url": "https://www.youtube.com/watch?v=_-iXjRm3jG0", "title": "Hulk", "keyword": "film, hulk", "description": "film, hulkfilm, hulkfilm, hulk"}}, {"model": "main.seo", "pk": 107, "fields": {"url": "https://www.youtube.com/watch?v=_-iXjRm3jG0", "title": "Hulk", "keyword": "film, hulk", "description": "film, hulkfilm, hulkfilm, hulk"}}, {"model": "main.seo", "pk": 108, "fields": {"url": "https://www.youtube.com/watch?v=_-iXjRm3jG0", "title": "Hulk", "keyword": "film, hulk", "description": "film, hulkfilm, hulkfilm, hulk"}}, {"model": "main.seo", "pk": 109, "fields": {"url": "https://www.youtube.com/watch?v=_-iXjRm3jG0", "title": "Hulk", "keyword": "film, hulk", "description": "film, hulkfilm, hulkfilm, hulk"}}, {"model": "main.seo", "pk": 110, "fields": {"url": "https://www.youtube.com/watch?v=_-iXjRm3jG0", "title": "Hulk", "keyword": "film, hulk", "description": "film, hulkfilm, hulkfilm, hulk"}}, {"model": "main.seo", "pk": 111, "fields": {"url": "https://www.youtube.com/watch?v=_-iXjRm3jG0", "title": "Hulk", "keyword": "film, hulk", "description": "film, hulkfilm, hulkfilm, hulk"}}, {"model": "main.seo", "pk": 112, "fields": {"url": "https://www.youtube.com/watch?v=_-iXjRm3jG0", "title": "Hulk", "keyword": "film, hulk", "description": "film, hulkfilm, hulkfilm, hulk"}}, {"model": "main.seo", "pk": 113, "fields": {"url": "https://www.youtube.com/watch?v=_-iXjRm3jG0", "title": "Hulk", "keyword": "film, hulk", "description": "film, hulkfilm, hulkfilm, hulk"}}, {"model": "main.seo", "pk": 114, "fields": {"url": "https://www.youtube.com/watch?v=_-iXjRm3jG0", "title": "Hulk", "keyword": "film, hulk", "description": "film, hulkfilm, hulkfilm, hulk"}}, {"model": "main.seo", "pk": 115, "fields": {"url": "https://www.youtube.com/watch?v=_-iXjRm3jG0", "title": "Hulk", "keyword": "film, hulk", "description": "ddddddddddd"}}, {"model": "main.seo", "pk": 116, "fields": {"url": "https://www.youtube.com/watch?v=_-iXjRm3jG0", "title": "Hulk", "keyword": "film, hulk", "description": "dddddddddddddd"}}, {"model": "main.seo", "pk": 117, "fields": {"url": "https://www.youtube.com/watch?v=_-iXjRm3jG0", "title": "Hulk", "keyword": "film, hulk", "description": "dddddddddddd"}}, {"model": "main.seo", "pk": 118, "fields": {"url": "https://www.youtube.com/watch?v=_-iXjRm3jG0", "title": "Hulk", "keyword": "film, hulk", "description": "dddddddddddd"}}, {"model": "main.seo", "pk": 119, "fields": {"url": "https://www.youtube.com/watch?v=_-iXjRm3jG0", "title": "IronMan", "keyword": "film, Iron man", "description": "film, Iron manfilm, Iron manfilm, Iron man"}}, {"model": "main.seo", "pk": 120, "fields": {"url": "https://www.youtube.com/watch?v=_-iXjRm3jG0", "title": "Hulk", "keyword": "film, hulk", "description": "ddddd"}}, {"model": "main.seo", "pk": 121, "fields": {"url": "https://www.youtube.com/watch?v=_-iXjRm3jG0", "title": "Hulk", "keyword": "film, hulk", "description": "film, hulkfilm, hulkfilm, hulk"}}, {"model": "main.seo", "pk": 122, "fields": {"url": "https://www.youtube.com/watch?v=_-iXjRm3jG0", "title": "Hulk", "keyword": "film, hulk", "description": "film, hulkfilm, hulkfilm, hulk"}}, {"model": "main.seo", "pk": 123, "fields": {"url": "https://www.youtube.com/watch?v=_-iXjRm3jG0", "title": "Hulk", "keyword": "film, hulk", "description": "Невероятный ХалкНевероятный Халк"}}, {"model": "main.seo", "pk": 124, "fields": {"url": "https://www.youtube.com/watch?v=_-iXjRm3jG0", "title": "Hulk", "keyword": "film, hulk", "description": "film, hulkfilm, hulkfilm, hulk"}}, {"model": "main.seo", "pk": 125, "fields": {"url": "https://www.youtube.com/watch?v=_-iXjRm3jG0", "title": "Hulk", "keyword": "film, hulk", "description": "ddddddddddd"}}, {"model": "main.seo", "pk": 126, "fields": {"url": "https://www.youtube.com/watch?v=_-iXjRm3jG0", "title": "Hulk", "keyword": "film, hulk", "description": "ввввввввввввв"}}, {"model": "main.seo", "pk": 127, "fields": {"url": "https://www.youtube.com/watch?v=_-iXjRm3jG0", "title": "Hulk", "keyword": "film, hulk", "description": "film, hulkfilm, hulkfilm, hulk"}}, {"model": "main.seo", "pk": 128, "fields": {"url": "https://www.youtube.com/watch?v=_-iXjRm3jG0", "title": "Hulk", "keyword": "film, hulk", "description": "film, hulkfilm, hulkfilm, hulk"}}, {"model": "main.seo", "pk": 129, "fields": {"url": "https://www.youtube.com/watch?v=_-iXjRm3jG0", "title": "Hulk", "keyword": "film, hulk", "description": "ddddddddddd"}}, {"model": "main.seo", "pk": 130, "fields": {"url": "https://www.youtube.com/watch?v=_-iXjRm3jG0", "title": "Hulk", "keyword": "film, hulk", "description": "film, hulkfilm, hulkfilm, hulk"}}, {"model": "main.seo", "pk": 131, "fields": {"url": "https://www.youtube.com/watch?v=_-iXjRm3jG0", "title": "Hulk", "keyword": "film, hulk", "description": "ddddddddd"}}, {"model": "main.seo", "pk": 132, "fields": {"url": "https://www.youtube.com/watch?v=_-iXjRm3jG0", "title": "Hulk", "keyword": "film, hulk", "description": "dddddddd"}}, {"model": "main.seo", "pk": 133, "fields": {"url": "https://www.youtube.com/watch?v=_-iXjRm3jG0", "title": "Hulk", "keyword": "film, hulk", "description": "ddddddddddd"}}, {"model": "main.seo", "pk": 134, "fields": {"url": "https://www.youtube.com/watch?v=_-iXjRm3jG0", "title": "Hulk", "keyword": "film, hulk", "description": "dddddddd"}}, {"model": "main.seo", "pk": 135, "fields": {"url": "https://www.youtube.com/watch?v=_-iXjRm3jG0", "title": "Hulk", "keyword": "film, hulk", "description": "ddddddddd"}}, {"model": "main.seo", "pk": 136, "fields": {"url": "https://www.youtube.com/watch?v=_-iXjRm3jG0", "title": "Hulk", "keyword": "film, hulk", "description": "ddddd"}}, {"model": "main.seo", "pk": 137, "fields": {"url": "https://www.youtube.com/watch?v=_-iXjRm3jG0", "title": "Hulk", "keyword": "film, hulk", "description": "ввввввввввввввввв"}}, {"model": "main.seo", "pk": 138, "fields": {"url": "https://www.youtube.com/watch?v=_-iXjRm3jG0", "title": "Hulk", "keyword": "film, hulk", "description": "film, hulkfilm, hulkfilm, hulk"}}, {"model": "main.seo", "pk": 139, "fields": {"url": "https://www.youtube.com/watch?v=_-iXjRm3jG0", "title": "Hulk", "keyword": "film, hulk", "description": "film, hulkfilm, hulkfilm, hulk"}}, {"model": "main.seo", "pk": 140, "fields": {"url": "https://www.youtube.com/watch?v=_-iXjRm3jG0", "title": "Hulk", "keyword": "film, hulk", "description": "film, hulkfilm, hulkfilm, hulk"}}, {"model": "main.seo", "pk": 141, "fields": {"url": "https://www.youtube.com/watch?v=_-iXjRm3jG0", "title": "Hulk", "keyword": "film, hulk", "description": "ввввввввввввввввв"}}, {"model": "main.seo", "pk": 142, "fields": {"url": "https://www.youtube.com/watch?v=_-iXjRm3jG0", "title": "Hulk", "keyword": "film, hulk", "description": "ddddddddd"}}, {"model": "main.seo", "pk": 143, "fields": {"url": "https://www.youtube.com/watch?v=_-iXjRm3jG0", "title": "Hulk", "keyword": "film, hulk", "description": "ddddddddddddddd"}}, {"model": "main.seo", "pk": 144, "fields": {"url": "https://www.youtube.com/watch?v=_-iXjRm3jG0", "title": "Hulk", "keyword": "film, hulk", "description": "ddddddd"}}, {"model": "main.seo", "pk": 145, "fields": {"url": "https://www.youtube.com/watch?v=_-iXjRm3jG0", "title": "Hulk", "keyword": "film, hulk", "description": "dddddddddddddd"}}, {"model": "main.seo", "pk": 146, "fields": {"url": "https://www.youtube.com/watch?v=_-iXjRm3jG0", "title": "Hulk", "keyword": "film, hulk", "description": "film, hulkfilm, hulkfilm, hulk"}}, {"model": "main.seo", "pk": 147, "fields": {"url": "https://www.youtube.com/watch?v=_-iXjRm3jG0", "title": "Hulk", "keyword": "film, hulk", "description": "ввввввв"}}, {"model": "main.seo", "pk": 148, "fields": {"url": "https://www.youtube.com/watch?v=_-iXjRm3jG0", "title": "Hulk", "keyword": "film, hulk", "description": "film, hulkfilm, hulkfilm, hulkfilm, hulk"}}, {"model": "main.seo", "pk": 149, "fields": {"url": "https://www.youtube.com/watch?v=_-iXjRm3jG0", "title": "Hulk", "keyword": "film, hulk", "description": "film, hulkfilm, hulkfilm, hulk"}}, {"model": "main.seo", "pk": 150, "fields": {"url": "https://www.youtube.com/watch?v=_-iXjRm3jG0", "title": "Hulk", "keyword": "film, hulk", "description": "film, hulkfilm, hulkfilm, hulk"}}, {"model": "main.seo", "pk": 151, "fields": {"url": "https://www.youtube.com/watch?v=_-iXjRm3jG0", "title": "Hulk", "keyword": "film, hulk", "description": "film, hulkfilm, hulkfilm, hulk"}}, {"model": "main.seo", "pk": 152, "fields": {"url": "https://www.youtube.com/watch?v=_-iXjRm3jG0", "title": "Hulk", "keyword": "film, hulk", "description": "film, hulkfilm, hulkfilm, hulk"}}, {"model": "main.seo", "pk": 153, "fields": {"url": "https://www.youtube.com/watch?v=_-iXjRm3jG0", "title": "Hulk", "keyword": "film, hulk", "description": "film, hulkfilm, hulkfilm, hulk"}}, {"model": "main.seo", "pk": 154, "fields": {"url": "https://www.youtube.com/watch?v=_-iXjRm3jG0", "title": "Hulk", "keyword": "film, hulk", "description": "film, hulkfilm, hulkfilm, hulk"}}, {"model": "main.seo", "pk": 155, "fields": {"url": "https://www.youtube.com/watch?v=_-iXjRm3jG0", "title": "Hulk", "keyword": "film, hulk", "description": "film, hulkfilm, hulkfilm, hulk"}}, {"model": "main.seo", "pk": 156, "fields": {"url": "https://www.youtube.com/watch?v=_-iXjRm3jG0", "title": "Hulk", "keyword": "film, hulk", "description": "22222"}}, {"model": "main.seo", "pk": 157, "fields": {"url": "https://www.youtube.com/watch?v=_-iXjRm3jG0", "title": "Hulk", "keyword": "film, hulk", "description": "film, hulkfilm, hulkfilm, hulk"}}, {"model": "main.seo", "pk": 158, "fields": {"url": "https://www.youtube.com/watch?v=_-iXjRm3jG0", "title": "Hulk", "keyword": "film, hulk", "description": "film, hulkfilm, hulkfilm, hulkfilm, hulk"}}, {"model": "main.seo", "pk": 159, "fields": {"url": "https://cinemaciti.ua/", "title": "Сinema Сity", "keyword": "cinema, city", "description": "cinemacinemacinemacinemacinemacinema"}}, {"model": "main.seo", "pk": 160, "fields": {"url": "https://cinemaciti.ua/", "title": "hall", "keyword": "hallhall", "description": "hallhallhallhallhallhallhall"}}, {"model": "main.seo", "pk": 161, "fields": {"url": "https://multiplex.ua/ru/cinema/odesa/gagarinn_plaza", "title": "Multiplex", "keyword": "Multiplex, cinema", "description": "Multiplex, cinemaMultiplex, cinemaMultiplex, cinema"}}, {"model": "main.seo", "pk": 162, "fields": {"url": "https://www.youtube.com/watch?v=_-iXjRm3jG0", "title": "Hulk", "keyword": "film, hulk", "description": "film, hulkfilm, hulkfilm, hulk"}}, {"model": "main.seo", "pk": 163, "fields": {"url": "https://www.youtube.com/watch?v=_-iXjRm3jG0", "title": "Cinema", "keyword": "Cinema, film", "description": "Cinema, filmCinema, filmCinema, film"}}, {"model": "main.seo", "pk": 164, "fields": {"url": "https://www.youtube.com/watch?v=_-iXjRm3jG0", "title": "Cinema", "keyword": "Cinema, film", "description": "Cinema, filmCinema, filmCinema, film"}}, {"model": "main.seo", "pk": 165, "fields": {"url": "https://www.youtube.com/watch?v=_-iXjRm3jG0", "title": "Cinema", "keyword": "Cinema, film", "description": "Cinema, filmCinema, filmCinema, film"}}, {"model": "main.seo", "pk": 166, "fields": {"url": "https://ru.wikipedia.org/wiki/%D0%97%D0%B0%D0%BB", "title": "Hall1", "keyword": "Hall, cinema", "description": "Hall, cinemaHall, cinemaHall, cinemaHall, cinema"}}, {"model": "main.seo", "pk": 167, "fields": {"url": "https://cinemaciti.ua/", "title": "Hall", "keyword": "HallHall", "description": "HallHallHallHallHallHall"}}, {"model": "main.seo", "pk": 168, "fields": {"url": "https://www.youtube.com/watch?v=UsnDPok1ZOU", "title": "Hallll", "keyword": "HallllHallll", "description": "HallllHallllHallllHallllHallllHallll"}}, {"model": "main.seo", "pk": 169, "fields": {"url": "https://www.youtube.com/watch?v=_-iXjRm3jG0", "title": "Cinema", "keyword": "Cinema, film", "description": "Cinema, filmCinema, filmCinema, film"}}, {"model": "main.seo", "pk": 170, "fields": {"url": "https://www.youtube.com/watch?v=_-iXjRm3jG0", "title": "Hall", "keyword": "Hall, cinema", "description": "Hall, cinemaHall, cinemaHall, cinema"}}, {"model": "main.seo", "pk": 171, "fields": {"url": "https://www.youtube.com/watch?v=_-iXjRm3jG0", "title": "Hall", "keyword": "Hall, cinema", "description": "Hall, cinemaHall, cinemaHall, cinema"}}, {"model": "main.seo", "pk": 172, "fields": {"url": "https://www.youtube.com/watch?v=_-iXjRm3jG0", "title": "Hall", "keyword": "Hall, cinema", "description": "Hall, cinemaHall, cinemaHall, cinema"}}, {"model": "main.seo", "pk": 173, "fields": {"url": "https://www.youtube.com/watch?v=_-iXjRm3jG0", "title": "Hall1", "keyword": "HallHallHallHall1", "description": "HallHallHallHallHallHall1"}}, {"model": "main.seo", "pk": 174, "fields": {"url": "https://www.youtube.com/watch?v=_-iXjRm3jG0", "title": "Hall2", "keyword": "Hall, cinema2", "description": "Hall, cinemaHall, cinemaHall, cinema2"}}, {"model": "main.seo", "pk": 175, "fields": {"url": "https://www.youtube.com/watch?v=_-iXjRm3jG0", "title": "Hulk", "keyword": "film, hulk", "description": "film, hulkfilm, hulkfilm, hulk"}}, {"model": "main.seo", "pk": 176, "fields": {"url": "https://www.youtube.com/watch?v=_-iXjRm3jG0", "title": "Cinema", "keyword": "film, hulk", "description": "adasdasd"}}, {"model": "main.seo", "pk": 177, "fields": {"url": "https://www.youtube.com/watch?v=_-iXjRm3jG0", "title": "Hulk", "keyword": "film, hulk", "description": "вввв"}}, {"model": "main.seo", "pk": 178, "fields": {"url": "https://www.youtube.com/watch?v=_-iXjRm3jG0", "title": "Hulk", "keyword": "film, hulk", "description": "вввв"}}, {"model": "main.seo", "pk": 179, "fields": {"url": "https://www.youtube.com/watch?v=_-iXjRm3jG0", "title": "Hulk", "keyword": "film, hulk", "description": "film, hulkfilm, hulkfilm, hulk"}}, {"model": "main.seo", "pk": 180, "fields": {"url": "https://www.youtube.com/watch?v=_-iXjRm3jG0", "title": "Cinema", "keyword": "CinemaCinema", "description": "CinemaCinemaCinema"}}, {"model": "main.seo", "pk": 181, "fields": {"url": "https://www.youtube.com/watch?v=_-iXjRm3jG0", "title": "Hall1", "keyword": "Hall1Hall1", "description": "Hall1Hall1Hall1Hall1"}}, {"model": "main.seo", "pk": 182, "fields": {"url": "https://www.youtube.com/watch?v=_-iXjRm3jG0", "title": "Hall4", "keyword": "HallHallHall4", "description": "HallHallHallHall4"}}, {"model": "main.seo", "pk": 183, "fields": {"url": "https://www.youtube.com/watch?v=_-iXjRm3jG0", "title": "Hulk", "keyword": "film, hulk", "description": "111"}}, {"model": "main.seo", "pk": 184, "fields": {"url": "https://www.youtube.com/watch?v=_-iXjRm3jG0", "title": "Cinema", "keyword": "Cinema, film", "description": "ddd"}}, {"model": "main.seo", "pk": 185, "fields": {"url": "https://www.youtube.com/", "title": "News", "keyword": "NewsNews", "description": "NewsNewsNewsNewsNewsNewsNewsNewsNewsNews"}}, {"model": "main.seo", "pk": 186, "fields": {"url": "https://www.youtube.com/watch?v=bxwt6TvNxas", "title": "News2", "keyword": "News2News2", "description": "News2News2News2News2"}}, {"model": "main.seo", "pk": 187, "fields": {"url": "https://www.youtube.com/watch?v=bxwt6TvNxas", "title": "Promotion1", "keyword": "PromotionPromotion1", "description": "PromotionPromotionPromotion1"}}, {"model": "main.seo", "pk": 188, "fields": {"url": "https://www.youtube.com/watch?v=_-iXjRm3jG0", "title": "Prom", "keyword": "PromProm", "description": "PromPromPromProm"}}, {"model": "main.seo", "pk": 189, "fields": {"url": "https://www.youtube.com/watch?v=_-iXjRm3jG0", "title": "News", "keyword": "NewsNewsNews", "description": "NewsNewsNewsNewsNewsNews"}}, {"model": "main.seo", "pk": 190, "fields": {"url": "https://www.youtube.com/watch?v=_-iXjRm3jG0", "title": "Hulk", "keyword": "film, hulk", "description": "dddddd"}}, {"model": "main.seo", "pk": 191, "fields": {"url": "https://www.youtube.com/watch?v=bxwt6TvNxas", "title": "Prom3", "keyword": "Prom2Prom3", "description": "Prom2Prom2Prom2Prom3"}}, {"model": "main.seo", "pk": 192, "fields": {"url": "https://www.youtube.com/watch?v=_-iXjRm3jG0", "title": "Prom3", "keyword": "Prom3Prom3", "description": "Prom3Prom3Prom3Prom3"}}, {"model": "main.seo", "pk": 193, "fields": {"url": "https://www.youtube.com/watch?v=_-iXjRm3jG0", "title": "Hulk", "keyword": "film, hulk", "description": "вввв"}}, {"model": "main.seo", "pk": 194, "fields": {"url": "https://www.youtube.com/watch?v=_-iXjRm3jG0", "title": "Promotion2", "keyword": "Promotion1Promotion2", "description": "Promotion1Promotion1Promotion1Promotion2"}}, {"model": "main.seo", "pk": 195, "fields": {"url": "https://www.youtube.com/watch?v=_-iXjRm3jG0", "title": "Hulk", "keyword": "film, hulk", "description": "111"}}, {"model": "main.seo", "pk": 196, "fields": {"url": "https://www.youtube.com/watch?v=bxwt6TvNxas", "title": "MainPage", "keyword": "Main, page", "description": "Main, pageMain, pageMain, pageMain, pageMain, pageMain, pageMain, pageMain, pageMain, pageMain, pageMain, page"}}, {"model": "main.seo", "pk": 197, "fields": {"url": "https://www.youtube.com/watch?v=bxwt6TvNxas", "title": "Contact", "keyword": "ContactContact", "description": "ContactContactContactContact"}}, {"model": "main.seo", "pk": 198, "fields": {"url": "https://www.youtube.com/watch?v=bxwt6TvNxas", "title": "Aboutcinema", "keyword": "Aboutcinema", "description": "AboutcinemaAboutcinemaAboutcinema"}}, {"model": "main.seo", "pk": 199, "fields": {"url": "https://www.youtube.com/watch?v=bxwt6TvNxas", "title": "NewPage1", "keyword": "NewPage1", "description": "NewPageNewPageNewPage1"}}, {"model": "main.seo", "pk": 200, "fields": {"url": "https://www.youtube.com/watch?v=_-iXjRm3jG0", "title": "AboutCinema", "keyword": "AboutCinema", "description": "AboutCinemaAboutCinemaAboutCinema"}}, {"model": "main.seo", "pk": 201, "fields": {"url": "https://www.youtube.com/watch?v=_-iXjRm3jG0", "title": "Caffe", "keyword": "CaffeCaffe", "description": "CaffeCaffeCaffeCaffeCaffeCaffe"}}, {"model": "main.seo", "pk": 202, "fields": {"url": "https://www.youtube.com/watch?v=_-iXjRm3jG0", "title": "Vip", "keyword": "VipVipVip", "description": "VipVipVipVipVipVipVipVip"}}, {"model": "main.seo", "pk": 203, "fields": {"url": "https://www.youtube.com/watch?v=_-iXjRm3jG0", "title": "Ad", "keyword": "Ad", "description": "AdAdAdAdAdAdAdAdAdAdAdAd"}}, {"model": "main.seo", "pk": 204, "fields": {"url": "https://www.youtube.com/watch?v=_-iXjRm3jG0", "title": "Room", "keyword": "RoomRoom", "description": "RoomRoomRoomRoomRoomRoomRoomRoom"}}, {"model": "main.seo", "pk": 205, "fields": {"url": "https://www.youtube.com/watch?v=fMKZMI8ByTs", "title": "Hulk", "keyword": "film, hulk", "description": "Новая страница2Новая страница2"}}, {"model": "main.seo", "pk": 206, "fields": {"url": "https://www.youtube.com/watch?v=_-iXjRm3jG0", "title": "Hulk", "keyword": "film, hulk", "description": "film, hulkfilm, hulkfilm, hulk"}}, {"model": "main.seo", "pk": 207, "fields": {"url": "https://www.youtube.com/watch?v=_-iXjRm3jG0", "title": "Hulk", "keyword": "film, hulk4", "description": "4"}}, {"model": "main.seo", "pk": 208, "fields": {"url": "https://www.youtube.com/watch?v=_-iXjRm3jG0", "title": "Hulk", "keyword": "film, hulk", "description": "film, hulkfilm, hulkfilm, hulk"}}, {"model": "main.seo", "pk": 209, "fields": {"url": "https://www.youtube.com/watch?v=fMKZMI8ByTs", "title": "Hulk", "keyword": "film, hulk", "description": "111"}}, {"model": "main.seo", "pk": 210, "fields": {"url": "https://www.youtube.com/watch?v=_-iXjRm3jG0", "title": "Hulk", "keyword": "film, hulk", "description": "111"}}, {"model": "main.seo", "pk": 211, "fields": {"url": "https://www.youtube.com/watch?v=_-iXjRm3jG0", "title": "Hulk", "keyword": "film, hulk", "description": "11"}}, {"model": "main.seo", "pk": 212, "fields": {"url": "https://www.youtube.com/watch?v=_-iXjRm3jG0", "title": "Hulk", "keyword": "film, hulk", "description": "1"}}, {"model": "main.seo", "pk": 213, "fields": {"url": "https://www.youtube.com/watch?v=_-iXjRm3jG0", "title": "Hulk", "keyword": "film, hulk", "description": "1"}}, {"model": "main.seo", "pk": 214, "fields": {"url": "https://www.youtube.com/watch?v=oZ6iiRrz1SY", "title": "Morbius", "keyword": "Morbius, film", "description": "Morbius, filmMorbius, filmMorbius, filmMorbius, film"}}, {"model": "main.seo", "pk": 215, "fields": {"url": "https://www.youtube.com/watch?v=L0h0cydG3iI&t=36s", "title": "Doc Str", "keyword": "Doc Str, film", "description": "Doc Str, filmDoc Str, filmDoc Str, filmDoc Str, filmDoc Str, filmDoc Str, film"}}, {"model": "main.seo", "pk": 216, "fields": {"url": "https://www.youtube.com/watch?v=V0hagz_8L3M", "title": "Spider", "keyword": "Spider, film", "description": "Spider, filmSpider, filmSpider, filmSpider, film"}}, {"model": "main.seo", "pk": 217, "fields": {"url": "https://www.youtube.com/watch?v=Othd8W8o3t0", "title": "Venom", "keyword": "Venom, film", "description": "Venom, filmVenom, filmVenom, filmVenom, filmVenom, filmVenom, film"}}, {"model": "main.seo", "pk": 218, "fields": {"url": "https://www.youtube.com/watch?v=23YQI9LFwC0", "title": "Mutant", "keyword": "Mutant, film", "description": "Mutant, filmMutant, filmMutant, filmMutant, filmMutant, film"}}, {"model": "main.seo", "pk": 219, "fields": {"url": "https://www.youtube.com/watch?v=X5ST3VNfYVI", "title": "X-men", "keyword": "X-men, film", "description": "X-men, filmX-men, filmX-men, filmX-men, filmX-men, filmX-men, film"}}, {"model": "main.seo", "pk": 220, "fields": {"url": "https://www.youtube.com/watch?v=Go8nTmfrQd8", "title": "Thor", "keyword": "Thor, film", "description": "Thor, filmThor, filmThor, filmThor, filmThor, filmThor, filmThor, filmThor, filmThor, filmThor, filmThor, filmThor, film"}}, {"model": "main.seo", "pk": 221, "fields": {"url": "https://www.youtube.com/watch?v=e-1NhY6P2z0", "title": "Pantera2", "keyword": "Pantera2, film", "description": "Pantera2, filmPantera2, filmPantera2, filmPantera2, film"}}, {"model": "main.seo", "pk": 222, "fields": {"url": "https://www.youtube.com/watch?v=_-iXjRm3jG0", "title": "Hulk", "keyword": "film, hulk", "description": "film, hulkfilm, hulkfilm, hulk"}}, {"model": "main.seo", "pk": 223, "fields": {"url": "https://www.youtube.com/watch?v=_-iXjRm3jG0", "title": "Hulk", "keyword": "film, hulk", "description": "film, hulkfilm, hulk"}}, {"model": "main.seo", "pk": 224, "fields": {"url": "https://www.youtube.com/watch?v=_-iXjRm3jG0", "title": "Hulk", "keyword": "film, hulkd", "description": "ddddd"}}, {"model": "main.cinema", "pk": 2, "fields": {"name": "Мультиплекс", "name_ru": "Мультиплекс", "name_uk": "Мультиплекс", "description": "Мультиплекс – кинотеатр с несколькими, как правило, тремя или более кинозалами; комплекс кинотеатров Если количество залов превышает 12, такие комплексы называются мегаплекс (megaplex). Кинозалы, как правило, небольшие, потому что основная цель – показ нескольких фильмов одновременно, чтобы привлечь зрителей с разными предпочтениями. Мультиплекс кроме демонстрации кино может предоставлять другие развлечения, позволяя посетителям получить максимум удовольствия. Для этого в здании кинотеатра могут устраиваться бар или кафе, бильярд, игровые автоматы, боулинг.\r\n\r\n        Мультиплекс – кинотеатр с несколькими, как правило, тремя или более кинозалами; комплекс кинотеатров Если количество залов превышает 12, такие комплексы называются мегаплекс (megaplex). Кинозалы, как правило, небольшие, потому что основная цель – показ нескольких фильмов одновременно, чтобы привлечь зрителей с разными предпочтениями. Мультиплекс кроме демонстрации кино может предоставлять другие развлечения, позволяя посетителям получить максимум удовольствия. Для этого в здании кинотеатра могут устраиваться бар или кафе, бильярд, игровые автоматы, боулинг.\r\n\r\n        Мультиплекс – кинотеатр с несколькими, как правило, тремя или более кинозалами; комплекс кинотеатров Если количество залов превышает 12, такие комплексы называются мегаплекс (megaplex). Кинозалы, как правило, небольшие, потому что основная цель – показ нескольких фильмов одновременно, чтобы привлечь зрителей с разными предпочтениями. Мультиплекс кроме демонстрации кино может предоставлять другие развлечения, позволяя посетителям получить максимум удовольствия. Для этого в здании кинотеатра могут устраиваться бар или кафе, бильярд, игровые автоматы, боулинг.", "description_ru": "Мультиплекс – кинотеатр с несколькими, как правило, тремя или более кинозалами; комплекс кинотеатров Если количество залов превышает 12, такие комплексы называются мегаплекс (megaplex). Кинозалы, как правило, небольшие, потому что основная цель – показ нескольких фильмов одновременно, чтобы привлечь зрителей с разными предпочтениями. Мультиплекс кроме демонстрации кино может предоставлять другие развлечения, позволяя посетителям получить максимум удовольствия. Для этого в здании кинотеатра могут устраиваться бар или кафе, бильярд, игровые автоматы, боулинг.\r\n\r\n        Мультиплекс – кинотеатр с несколькими, как правило, тремя или более кинозалами; комплекс кинотеатров Если количество залов превышает 12, такие комплексы называются мегаплекс (megaplex). Кинозалы, как правило, небольшие, потому что основная цель – показ нескольких фильмов одновременно, чтобы привлечь зрителей с разными предпочтениями. Мультиплекс кроме демонстрации кино может предоставлять другие развлечения, позволяя посетителям получить максимум удовольствия. Для этого в здании кинотеатра могут устраиваться бар или кафе, бильярд, игровые автоматы, боулинг.\r\n\r\n        Мультиплекс – кинотеатр с несколькими, как правило, тремя или более кинозалами; комплекс кинотеатров Если количество залов превышает 12, такие комплексы называются мегаплекс (megaplex). Кинозалы, как правило, небольшие, потому что основная цель – показ нескольких фильмов одновременно, чтобы привлечь зрителей с разными предпочтениями. Мультиплекс кроме демонстрации кино может предоставлять другие развлечения, позволяя посетителям получить максимум удовольствия. Для этого в здании кинотеатра могут устраиваться бар или кафе, бильярд, игровые автоматы, боулинг.", "description_uk": "Мультіплекс - кінотеатр з декількома, як правило, трьома або більше кінозалами; комплекс кінотеатрів Якщо кількість залів перевищує 12, такі комплекси називають мегаплекс (megaplex). Кінозали, як правило, невеликі, тому що основна мета - показ декількох фільмів одночасно, щоб залучити глядачів із різними уподобаннями. Мультиплекс, крім демонстрації кіно, може надавати інші розваги, дозволяючи відвідувачам отримати максимум задоволення. Для цього в будівлі кінотеатру можуть влаштовуватись бар або кафе, більярд, ігрові автомати, боулінг.\r\n        Мультіплекс - кінотеатр з декількома, як правило, трьома або більше кінозалами; комплекс кінотеатрів Якщо кількість залів перевищує 12, такі комплекси називають мегаплекс (megaplex). Кінозали, як правило, невеликі, тому що основна мета - показ декількох фільмів одночасно, щоб залучити глядачів із різними уподобаннями. Мультиплекс, крім демонстрації кіно, може надавати інші розваги, дозволяючи відвідувачам отримати максимум задоволення. Для цього в будівлі кінотеатру можуть влаштовуватись бар або кафе, більярд, ігрові автомати, боулінг.\r\n        Мультиплекс – кінотеатр з декількома, як правило, трьома чи більше кінотеатрами; комплекс кінотеатрів Якщо кількість залів перевищує 12, такі комплекси називають мегаплекс (megaplex). Кінозали, як правило, невеликі, тому що основна мета – показ кількох фільмів одночасно, щоб залучити глядачів із різними уподобаннями. Мультиплекс, крім демонстрації кіно, може надавати інші розваги, дозволяючи відвідувачам отримати максимум задоволення. Для цього в будівлі кінотеатру можуть влаштовуватись бар або кафе, більярд, ігрові автомати, боулінг.", "condition": "Условия мультиплекса, условия мультиплекса, условия мультиплекса, условия мультиплекса, условия мультиплекса, условия мультиплекса, условия мультиплекса, условия мультиплекса, условия мультиплекса, условия мультиплекса, условия мультиплекса, условия мультиплекса.", "condition_ru": "Условия мультиплекса, условия мультиплекса, условия мультиплекса, условия мультиплекса, условия мультиплекса, условия мультиплекса, условия мультиплекса, условия мультиплекса, условия мультиплекса, условия мультиплекса, условия мультиплекса, условия мультиплекса.", "condition_uk": "Умови мультиплексу, умови мультиплексу, умови мультиплексу,  умови мультиплексу,  умови мультиплексу,  умови мультиплексу,  умови мультиплексу,  умови мультиплексу,  умови мультиплексу,  умови мультиплексу,  умови мультиплексу,  умови мультиплексу.", "logo": "gallery/logomultiplex.jpg", "top_banner": "gallery/multiplex_topbanner.jpeg", "seo": 161, "images": [352, 353, 354]}}, {"model": "main.cinema", "pk": 6, "fields": {"name": "Синема Сити", "name_ru": "Синема Сити", "name_uk": "Сінема Сіті", "description": "\"Синема Сити\" – всеукраинская сеть кинотеатров основана в 2007 году. По состоянию на 2022 год сеть «Синема Сити» насчитывает 3 кинотеатра в таких городах как Одесса, Киев и Винница, в которых размещается 22 экрана. Все кинотеатры сети находятся в популярных торговых центрах.\r\n\r\n        \"Синема Сити\" – всеукраинская сеть кинотеатров основана в 2007 году. По состоянию на 2022 год сеть «Синема Сити» насчитывает 3 кинотеатра в таких городах как Одесса, Киев и Винница, в которых размещается 22 экрана. Все кинотеатры сети находятся в популярных торговых центрах.\r\n\r\n        \"Синема Сити\" – всеукраинская сеть кинотеатров основана в 2007 году. По состоянию на 2022 год сеть «Синема Сити» насчитывает 3 кинотеатра в таких городах как Одесса, Киев и Винница, в которых размещается 22 экрана. Все кинотеатры сети находятся в популярных торговых центрах.", "description_ru": "\"Синема Сити\" – всеукраинская сеть кинотеатров основана в 2007 году. По состоянию на 2022 год сеть «Синема Сити» насчитывает 3 кинотеатра в таких городах как Одесса, Киев и Винница, в которых размещается 22 экрана. Все кинотеатры сети находятся в популярных торговых центрах.\r\n\r\n        \"Синема Сити\" – всеукраинская сеть кинотеатров основана в 2007 году. По состоянию на 2022 год сеть «Синема Сити» насчитывает 3 кинотеатра в таких городах как Одесса, Киев и Винница, в которых размещается 22 экрана. Все кинотеатры сети находятся в популярных торговых центрах.\r\n\r\n        \"Синема Сити\" – всеукраинская сеть кинотеатров основана в 2007 году. По состоянию на 2022 год сеть «Синема Сити» насчитывает 3 кинотеатра в таких городах как Одесса, Киев и Винница, в которых размещается 22 экрана. Все кинотеатры сети находятся в популярных торговых центрах.", "description_uk": "\"Сінема Сіті\" — всеукраїнська мережа кінотеатрів заснована у 2007 році. Станом на 2022 рік мережа «Сінема Сіті» налічує 3 кінотеатри у таких містах як Одеса, Київ та Вінниця, разом в яких розміщується 22 екрани. Усі кінотеатри мережі розташовані у популярних торгових центрах.\r\n\"Сінема Сіті\" — всеукраїнська мережа кінотеатрів заснована у 2007 році. Станом на 2022 рік мережа «Сінема Сіті» налічує 3 кінотеатри у таких містах як Одеса, Київ та Вінниця, разом в яких розміщується 22 екрани. Усі кінотеатри мережі розташовані у популярних торгових центрах.\r\n\"Сінема Сіті\" — всеукраїнська мережа кінотеатрів заснована у 2007 році. Станом на 2022 рік мережа «Сінема Сіті» налічує 3 кінотеатри у таких містах як Одеса, Київ та Вінниця, разом в яких розміщується 22 екрани. Усі кінотеатри мережі розташовані у популярних торгових центрах.", "condition": "Условия синема сити, условия синема сити, условия синема сити, условия синема сити, условия синема сити, условия синема сити, условия синема сити, условия синема сити, условия синема сити, условия синема сити, условия синема сити, условия синема сити,", "condition_ru": "Условия синема сити, условия синема сити, условия синема сити, условия синема сити, условия синема сити, условия синема сити, условия синема сити, условия синема сити, условия синема сити, условия синема сити, условия синема сити, условия синема сити,", "condition_uk": "Умови сінема сіті, умови сінема сіті, умови сінема сіті, умови сінема сіті, умови сінема сіті, умови сінема сіті, умови сінема сіті, умови сінема сіті, умови сінема сіті, умови сінема сіті, умови сінема сіті, умови сінема сіті,", "logo": "gallery/сштуьф.jpg", "top_banner": "gallery/cinemacity_topbanner_vCXZh3s.jpg", "seo": 169, "images": [405, 406, 407]}}, {"model": "main.contact", "pk": 1, "fields": {"status": true, "name": "Синема Сити(Одесса)", "address": "Кинотеатр \"Синема Сити\"\r\nСемафорный переулок, 4, Одесса\r\nБронирование билетов:  (066) 666-66-66, (099) 999-99-99\r\ne-mail: cinema@example.com", "coordinate": "https://www.google.com/maps/embed?pb=!1m18!1m12!1m3!1d2748.413679965291!2d30.7400204515328!3d46.460313379022956!2m3!1f0!2f0!3f0!3m2!1i1024!2i768!4f13.1!3m3!1m2!1s0x0%3A0x3389db5d1761922c!2zNDbCsDI3JzM3LjEiTiAzMMKwNDQnMzIuMCJF!5e0!3m2!1sru!2sro!4v1654621198993!5m2!1sru!2sro", "logo": "gallery/cinemacity_topbanner_Z7Z06rO.jpg"}}, {"model": "main.contact", "pk": 2, "fields": {"status": true, "name": "Синема Сити(Киев)", "address": "Кинотеатр \"Синема Сити\"\r\nул. Антоновича, 176, Киев\r\nБронирование билетов:  (066) 666-66-66, (099) 999-99-99\r\ne-mail: cinema@example.com", "coordinate": "https://www.google.com/maps/embed?pb=!1m18!1m12!1m3!1d2542.547684563584!2d30.519962451644858!3d50.41226667936934!2m3!1f0!2f0!3f0!3m2!1i1024!2i768!4f13.1!3m3!1m2!1s0x0%3A0x7646c9b72fc3b610!2zNTDCsDI0JzQ0LjIiTiAzMMKwMzEnMTkuOCJF!5e0!3m2!1sru!2sro!4v1654621584001!5m2!1sru!2sro", "logo": "gallery/city3_sdiVFC1.jpeg"}}, {"model": "main.hall", "pk": 2, "fields": {"cinema": 2, "hall_number": 1, "description": "Главное помещение кинотеатра — зрительный зал с экраном большого размера и системой воспроизведения звука. В современных кинотеатрах система звуковоспроизведения состоит из нескольких громкоговорителей, обеспечивающих объёмный звук.\r\nГлавное помещение кинотеатра — зрительный зал с экраном большого размера и системой воспроизведения звука. В современных кинотеатрах система звуковоспроизведения состоит из нескольких громкоговорителей, обеспечивающих объёмный звук.\r\nГлавное помещение кинотеатра — зрительный зал с экраном большого размера и системой воспроизведения звука. В современных кинотеатрах система звуковоспроизведения состоит из нескольких громкоговорителей, обеспечивающих объёмный звук.\r\nГлавное помещение кинотеатра — зрительный зал с экраном большого размера и системой воспроизведения звука. В современных кинотеатрах система звуковоспроизведения состоит из нескольких громкоговорителей, обеспечивающих объёмный звук.\r\nГлавное помещение кинотеатра — зрительный зал с экраном большого размера и системой воспроизведения звука. В современных кинотеатрах система звуковоспроизведения состоит из нескольких громкоговорителей, обеспечивающих объёмный звук.", "description_ru": "Главное помещение кинотеатра — зрительный зал с экраном большого размера и системой воспроизведения звука. В современных кинотеатрах система звуковоспроизведения состоит из нескольких громкоговорителей, обеспечивающих объёмный звук.\r\nГлавное помещение кинотеатра — зрительный зал с экраном большого размера и системой воспроизведения звука. В современных кинотеатрах система звуковоспроизведения состоит из нескольких громкоговорителей, обеспечивающих объёмный звук.\r\nГлавное помещение кинотеатра — зрительный зал с экраном большого размера и системой воспроизведения звука. В современных кинотеатрах система звуковоспроизведения состоит из нескольких громкоговорителей, обеспечивающих объёмный звук.\r\nГлавное помещение кинотеатра — зрительный зал с экраном большого размера и системой воспроизведения звука. В современных кинотеатрах система звуковоспроизведения состоит из нескольких громкоговорителей, обеспечивающих объёмный звук.\r\nГлавное помещение кинотеатра — зрительный зал с экраном большого размера и системой воспроизведения звука. В современных кинотеатрах система звуковоспроизведения состоит из нескольких громкоговорителей, обеспечивающих объёмный звук.", "description_uk": "Головне приміщення кінотеатру - зал для глядачів з екраном великого розміру і системою відтворення звуку. У сучасних кінотеатрах система звуковідтворення складається з кількох гучномовців, які забезпечують об'ємний звук.\r\nГоловне приміщення кінотеатру - зал для глядачів з екраном великого розміру і системою відтворення звуку. У сучасних кінотеатрах система звуковідтворення складається з кількох гучномовців, які забезпечують об'ємний звук.\r\nГоловне приміщення кінотеатру - зал для глядачів з екраном великого розміру і системою відтворення звуку. У сучасних кінотеатрах система звуковідтворення складається з кількох гучномовців, які забезпечують об'ємний звук.\r\nГоловне приміщення кінотеатру - зал для глядачів з екраном великого розміру і системою відтворення звуку. У сучасних кінотеатрах система звуковідтворення складається з кількох гучномовців, які забезпечують об'ємний звук.\r\nГоловне приміщення кінотеатру - зал для глядачів з екраном великого розміру і системою відтворення звуку. У сучасних кінотеатрах система звуковідтворення складається з кількох гучномовців, які забезпечують об'ємний звук.", "scheme": "gallery/scheme.png", "top_banner": "gallery/halltopban1.jpg", "create_date": "2022-05-11", "seo": 166, "is_base": true, "images": [391, 392, 393]}}, {"model": "main.hall", "pk": 3, "fields": {"cinema": 2, "hall_number": 2, "description": "Главное помещение кинотеатра — зрительный зал с экраном большого размера и системой воспроизведения звука. В современных кинотеатрах система звуковоспроизведения состоит из нескольких громкоговорителей, обеспечивающих объёмный звук.\r\nГлавное помещение кинотеатра — зрительный зал с экраном большого размера и системой воспроизведения звука. В современных кинотеатрах система звуковоспроизведения состоит из нескольких громкоговорителей, обеспечивающих объёмный звук.\r\nГлавное помещение кинотеатра — зрительный зал с экраном большого размера и системой воспроизведения звука. В современных кинотеатрах система звуковоспроизведения состоит из нескольких громкоговорителей, обеспечивающих объёмный звук.\r\nГлавное помещение кинотеатра — зрительный зал с экраном большого размера и системой воспроизведения звука. В современных кинотеатрах система звуковоспроизведения состоит из нескольких громкоговорителей, обеспечивающих объёмный звук.\r\nГлавное помещение кинотеатра — зрительный зал с экраном большого размера и системой воспроизведения звука. В современных кинотеатрах система звуковоспроизведения состоит из нескольких громкоговорителей, обеспечивающих объёмный звук.", "description_ru": "Главное помещение кинотеатра — зрительный зал с экраном большого размера и системой воспроизведения звука. В современных кинотеатрах система звуковоспроизведения состоит из нескольких громкоговорителей, обеспечивающих объёмный звук.\r\nГлавное помещение кинотеатра — зрительный зал с экраном большого размера и системой воспроизведения звука. В современных кинотеатрах система звуковоспроизведения состоит из нескольких громкоговорителей, обеспечивающих объёмный звук.\r\nГлавное помещение кинотеатра — зрительный зал с экраном большого размера и системой воспроизведения звука. В современных кинотеатрах система звуковоспроизведения состоит из нескольких громкоговорителей, обеспечивающих объёмный звук.\r\nГлавное помещение кинотеатра — зрительный зал с экраном большого размера и системой воспроизведения звука. В современных кинотеатрах система звуковоспроизведения состоит из нескольких громкоговорителей, обеспечивающих объёмный звук.\r\nГлавное помещение кинотеатра — зрительный зал с экраном большого размера и системой воспроизведения звука. В современных кинотеатрах система звуковоспроизведения состоит из нескольких громкоговорителей, обеспечивающих объёмный звук.", "description_uk": "Головне приміщення кінотеатру - зал для глядачів з екраном великого розміру і системою відтворення звуку. У сучасних кінотеатрах система звуковідтворення складається з кількох гучномовців, які забезпечують об'ємний звук.\r\nГоловне приміщення кінотеатру - зал для глядачів з екраном великого розміру і системою відтворення звуку. У сучасних кінотеатрах система звуковідтворення складається з кількох гучномовців, які забезпечують об'ємний звук.\r\nГоловне приміщення кінотеатру - зал для глядачів з екраном великого розміру і системою відтворення звуку. У сучасних кінотеатрах система звуковідтворення складається з кількох гучномовців, які забезпечують об'ємний звук.\r\nГоловне приміщення кінотеатру - зал для глядачів з екраном великого розміру і системою відтворення звуку. У сучасних кінотеатрах система звуковідтворення складається з кількох гучномовців, які забезпечують об'ємний звук.\r\nГоловне приміщення кінотеатру - зал для глядачів з екраном великого розміру і системою відтворення звуку. У сучасних кінотеатрах система звуковідтворення складається з кількох гучномовців, які забезпечують об'ємний звук.", "scheme": "gallery/scheme_NtcPekV.png", "top_banner": "gallery/halltopban1_QcsVr02.jpg", "create_date": "2022-05-11", "seo": 167, "is_base": false, "images": [394, 395]}}, {"model": "main.hall", "pk": 4, "fields": {"cinema": 2, "hall_number": 3, "description": "Главное помещение кинотеатра — зрительный зал с экраном большого размера и системой воспроизведения звука. В современных кинотеатрах система звуковоспроизведения состоит из нескольких громкоговорителей, обеспечивающих объёмный звук.\r\nГлавное помещение кинотеатра — зрительный зал с экраном большого размера и системой воспроизведения звука. В современных кинотеатрах система звуковоспроизведения состоит из нескольких громкоговорителей, обеспечивающих объёмный звук.\r\nГлавное помещение кинотеатра — зрительный зал с экраном большого размера и системой воспроизведения звука. В современных кинотеатрах система звуковоспроизведения состоит из нескольких громкоговорителей, обеспечивающих объёмный звук.\r\nГлавное помещение кинотеатра — зрительный зал с экраном большого размера и системой воспроизведения звука. В современных кинотеатрах система звуковоспроизведения состоит из нескольких громкоговорителей, обеспечивающих объёмный звук.\r\nГлавное помещение кинотеатра — зрительный зал с экраном большого размера и системой воспроизведения звука. В современных кинотеатрах система звуковоспроизведения состоит из нескольких громкоговорителей, обеспечивающих объёмный звук.", "description_ru": "Главное помещение кинотеатра — зрительный зал с экраном большого размера и системой воспроизведения звука. В современных кинотеатрах система звуковоспроизведения состоит из нескольких громкоговорителей, обеспечивающих объёмный звук.\r\nГлавное помещение кинотеатра — зрительный зал с экраном большого размера и системой воспроизведения звука. В современных кинотеатрах система звуковоспроизведения состоит из нескольких громкоговорителей, обеспечивающих объёмный звук.\r\nГлавное помещение кинотеатра — зрительный зал с экраном большого размера и системой воспроизведения звука. В современных кинотеатрах система звуковоспроизведения состоит из нескольких громкоговорителей, обеспечивающих объёмный звук.\r\nГлавное помещение кинотеатра — зрительный зал с экраном большого размера и системой воспроизведения звука. В современных кинотеатрах система звуковоспроизведения состоит из нескольких громкоговорителей, обеспечивающих объёмный звук.\r\nГлавное помещение кинотеатра — зрительный зал с экраном большого размера и системой воспроизведения звука. В современных кинотеатрах система звуковоспроизведения состоит из нескольких громкоговорителей, обеспечивающих объёмный звук.", "description_uk": "Головне приміщення кінотеатру - зал для глядачів з екраном великого розміру і системою відтворення звуку. У сучасних кінотеатрах система звуковідтворення складається з кількох гучномовців, які забезпечують об'ємний звук.\r\nГоловне приміщення кінотеатру - зал для глядачів з екраном великого розміру і системою відтворення звуку. У сучасних кінотеатрах система звуковідтворення складається з кількох гучномовців, які забезпечують об'ємний звук.\r\nГоловне приміщення кінотеатру - зал для глядачів з екраном великого розміру і системою відтворення звуку. У сучасних кінотеатрах система звуковідтворення складається з кількох гучномовців, які забезпечують об'ємний звук.\r\nГоловне приміщення кінотеатру - зал для глядачів з екраном великого розміру і системою відтворення звуку. У сучасних кінотеатрах система звуковідтворення складається з кількох гучномовців, які забезпечують об'ємний звук.\r\nГоловне приміщення кінотеатру - зал для глядачів з екраном великого розміру і системою відтворення звуку. У сучасних кінотеатрах система звуковідтворення складається з кількох гучномовців, які забезпечують об'ємний звук.", "scheme": "gallery/scheme_PmDFaHr.png", "top_banner": "gallery/halltopban1_0YHxFha.jpg", "create_date": "2022-05-11", "seo": 168, "is_base": false, "images": [396, 397, 398]}}, {"model": "main.hall", "pk": 8, "fields": {"cinema": 6, "hall_number": 1, "description": "Главное помещение кинотеатра — зрительный зал с экраном большого размера и системой воспроизведения звука. В современных кинотеатрах система звуковоспроизведения состоит из нескольких громкоговорителей, обеспечивающих объёмный звук.\r\nГлавное помещение кинотеатра — зрительный зал с экраном большого размера и системой воспроизведения звука. В современных кинотеатрах система звуковоспроизведения состоит из нескольких громкоговорителей, обеспечивающих объёмный звук.\r\nГлавное помещение кинотеатра — зрительный зал с экраном большого размера и системой воспроизведения звука. В современных кинотеатрах система звуковоспроизведения состоит из нескольких громкоговорителей, обеспечивающих объёмный звук.\r\nГлавное помещение кинотеатра — зрительный зал с экраном большого размера и системой воспроизведения звука. В современных кинотеатрах система звуковоспроизведения состоит из нескольких громкоговорителей, обеспечивающих объёмный звук.\r\nГлавное помещение кинотеатра — зрительный зал с экраном большого размера и системой воспроизведения звука. В современных кинотеатрах система звуковоспроизведения состоит из нескольких громкоговорителей, обеспечивающих объёмный звук.", "description_ru": "Главное помещение кинотеатра — зрительный зал с экраном большого размера и системой воспроизведения звука. В современных кинотеатрах система звуковоспроизведения состоит из нескольких громкоговорителей, обеспечивающих объёмный звук.\r\nГлавное помещение кинотеатра — зрительный зал с экраном большого размера и системой воспроизведения звука. В современных кинотеатрах система звуковоспроизведения состоит из нескольких громкоговорителей, обеспечивающих объёмный звук.\r\nГлавное помещение кинотеатра — зрительный зал с экраном большого размера и системой воспроизведения звука. В современных кинотеатрах система звуковоспроизведения состоит из нескольких громкоговорителей, обеспечивающих объёмный звук.\r\nГлавное помещение кинотеатра — зрительный зал с экраном большого размера и системой воспроизведения звука. В современных кинотеатрах система звуковоспроизведения состоит из нескольких громкоговорителей, обеспечивающих объёмный звук.\r\nГлавное помещение кинотеатра — зрительный зал с экраном большого размера и системой воспроизведения звука. В современных кинотеатрах система звуковоспроизведения состоит из нескольких громкоговорителей, обеспечивающих объёмный звук.", "description_uk": "Головне приміщення кінотеатру - зал для глядачів з екраном великого розміру і системою відтворення звуку. У сучасних кінотеатрах система звуковідтворення складається з кількох гучномовців, які забезпечують об'ємний звук.\r\nГоловне приміщення кінотеатру - зал для глядачів з екраном великого розміру і системою відтворення звуку. У сучасних кінотеатрах система звуковідтворення складається з кількох гучномовців, які забезпечують об'ємний звук.\r\nГоловне приміщення кінотеатру - зал для глядачів з екраном великого розміру і системою відтворення звуку. У сучасних кінотеатрах система звуковідтворення складається з кількох гучномовців, які забезпечують об'ємний звук.\r\nГоловне приміщення кінотеатру - зал для глядачів з екраном великого розміру і системою відтворення звуку. У сучасних кінотеатрах система звуковідтворення складається з кількох гучномовців, які забезпечують об'ємний звук.\r\nГоловне приміщення кінотеатру - зал для глядачів з екраном великого розміру і системою відтворення звуку. У сучасних кінотеатрах система звуковідтворення складається з кількох гучномовців, які забезпечують об'ємний звук.", "scheme": "gallery/scheme_fB9IOwl.png", "top_banner": "gallery/halltopban1_0kRkzm8.jpg", "create_date": "2022-05-11", "seo": 173, "is_base": true, "images": [375, 376]}}, {"model": "main.hall", "pk": 9, "fields": {"cinema": 6, "hall_number": 2, "description": "Главное помещение кинотеатра — зрительный зал с экраном большого размера и системой воспроизведения звука. В современных кинотеатрах система звуковоспроизведения состоит из нескольких громкоговорителей, обеспечивающих объёмный звук.\r\nГлавное помещение кинотеатра — зрительный зал с экраном большого размера и системой воспроизведения звука. В современных кинотеатрах система звуковоспроизведения состоит из нескольких громкоговорителей, обеспечивающих объёмный звук.\r\nГлавное помещение кинотеатра — зрительный зал с экраном большого размера и системой воспроизведения звука. В современных кинотеатрах система звуковоспроизведения состоит из нескольких громкоговорителей, обеспечивающих объёмный звук.\r\nГлавное помещение кинотеатра — зрительный зал с экраном большого размера и системой воспроизведения звука. В современных кинотеатрах система звуковоспроизведения состоит из нескольких громкоговорителей, обеспечивающих объёмный звук.\r\nГлавное помещение кинотеатра — зрительный зал с экраном большого размера и системой воспроизведения звука. В современных кинотеатрах система звуковоспроизведения состоит из нескольких громкоговорителей, обеспечивающих объёмный звук.", "description_ru": "Главное помещение кинотеатра — зрительный зал с экраном большого размера и системой воспроизведения звука. В современных кинотеатрах система звуковоспроизведения состоит из нескольких громкоговорителей, обеспечивающих объёмный звук.\r\nГлавное помещение кинотеатра — зрительный зал с экраном большого размера и системой воспроизведения звука. В современных кинотеатрах система звуковоспроизведения состоит из нескольких громкоговорителей, обеспечивающих объёмный звук.\r\nГлавное помещение кинотеатра — зрительный зал с экраном большого размера и системой воспроизведения звука. В современных кинотеатрах система звуковоспроизведения состоит из нескольких громкоговорителей, обеспечивающих объёмный звук.\r\nГлавное помещение кинотеатра — зрительный зал с экраном большого размера и системой воспроизведения звука. В современных кинотеатрах система звуковоспроизведения состоит из нескольких громкоговорителей, обеспечивающих объёмный звук.\r\nГлавное помещение кинотеатра — зрительный зал с экраном большого размера и системой воспроизведения звука. В современных кинотеатрах система звуковоспроизведения состоит из нескольких громкоговорителей, обеспечивающих объёмный звук.", "description_uk": "Головне приміщення кінотеатру - зал для глядачів з екраном великого розміру і системою відтворення звуку. У сучасних кінотеатрах система звуковідтворення складається з кількох гучномовців, які забезпечують об'ємний звук.\r\nГоловне приміщення кінотеатру - зал для глядачів з екраном великого розміру і системою відтворення звуку. У сучасних кінотеатрах система звуковідтворення складається з кількох гучномовців, які забезпечують об'ємний звук.\r\nГоловне приміщення кінотеатру - зал для глядачів з екраном великого розміру і системою відтворення звуку. У сучасних кінотеатрах система звуковідтворення складається з кількох гучномовців, які забезпечують об'ємний звук.\r\nГоловне приміщення кінотеатру - зал для глядачів з екраном великого розміру і системою відтворення звуку. У сучасних кінотеатрах система звуковідтворення складається з кількох гучномовців, які забезпечують об'ємний звук.\r\nГоловне приміщення кінотеатру - зал для глядачів з екраном великого розміру і системою відтворення звуку. У сучасних кінотеатрах система звуковідтворення складається з кількох гучномовців, які забезпечують об'ємний звук.", "scheme": "gallery/scheme_CVJXo1i.png", "top_banner": "gallery/halltopban1_VFWFc5b.jpg", "create_date": "2022-05-11", "seo": 174, "is_base": false, "images": [402, 403, 404]}}, {"model": "main.hall", "pk": 14, "fields": {"cinema": 2, "hall_number": 4, "description": "Главное помещение кинотеатра — зрительный зал с экраном большого размера и системой воспроизведения звука. В современных кинотеатрах система звуковоспроизведения состоит из нескольких громкоговорителей, обеспечивающих объёмный звук.\r\nГлавное помещение кинотеатра — зрительный зал с экраном большого размера и системой воспроизведения звука. В современных кинотеатрах система звуковоспроизведения состоит из нескольких громкоговорителей, обеспечивающих объёмный звук.\r\nГлавное помещение кинотеатра — зрительный зал с экраном большого размера и системой воспроизведения звука. В современных кинотеатрах система звуковоспроизведения состоит из нескольких громкоговорителей, обеспечивающих объёмный звук.\r\nГлавное помещение кинотеатра — зрительный зал с экраном большого размера и системой воспроизведения звука. В современных кинотеатрах система звуковоспроизведения состоит из нескольких громкоговорителей, обеспечивающих объёмный звук.\r\nГлавное помещение кинотеатра — зрительный зал с экраном большого размера и системой воспроизведения звука. В современных кинотеатрах система звуковоспроизведения состоит из нескольких громкоговорителей, обеспечивающих объёмный звук.", "description_ru": "Главное помещение кинотеатра — зрительный зал с экраном большого размера и системой воспроизведения звука. В современных кинотеатрах система звуковоспроизведения состоит из нескольких громкоговорителей, обеспечивающих объёмный звук.\r\nГлавное помещение кинотеатра — зрительный зал с экраном большого размера и системой воспроизведения звука. В современных кинотеатрах система звуковоспроизведения состоит из нескольких громкоговорителей, обеспечивающих объёмный звук.\r\nГлавное помещение кинотеатра — зрительный зал с экраном большого размера и системой воспроизведения звука. В современных кинотеатрах система звуковоспроизведения состоит из нескольких громкоговорителей, обеспечивающих объёмный звук.\r\nГлавное помещение кинотеатра — зрительный зал с экраном большого размера и системой воспроизведения звука. В современных кинотеатрах система звуковоспроизведения состоит из нескольких громкоговорителей, обеспечивающих объёмный звук.\r\nГлавное помещение кинотеатра — зрительный зал с экраном большого размера и системой воспроизведения звука. В современных кинотеатрах система звуковоспроизведения состоит из нескольких громкоговорителей, обеспечивающих объёмный звук.", "description_uk": "Головне приміщення кінотеатру - зал для глядачів з екраном великого розміру і системою відтворення звуку. У сучасних кінотеатрах система звуковідтворення складається з кількох гучномовців, які забезпечують об'ємний звук.\r\nГоловне приміщення кінотеатру - зал для глядачів з екраном великого розміру і системою відтворення звуку. У сучасних кінотеатрах система звуковідтворення складається з кількох гучномовців, які забезпечують об'ємний звук.\r\nГоловне приміщення кінотеатру - зал для глядачів з екраном великого розміру і системою відтворення звуку. У сучасних кінотеатрах система звуковідтворення складається з кількох гучномовців, які забезпечують об'ємний звук.\r\nГоловне приміщення кінотеатру - зал для глядачів з екраном великого розміру і системою відтворення звуку. У сучасних кінотеатрах система звуковідтворення складається з кількох гучномовців, які забезпечують об'ємний звук.\r\nГоловне приміщення кінотеатру - зал для глядачів з екраном великого розміру і системою відтворення звуку. У сучасних кінотеатрах система звуковідтворення складається з кількох гучномовців, які забезпечують об'ємний звук.", "scheme": "gallery/scheme_qCfucPZ.png", "top_banner": "gallery/halltopban1_mmT9pwt.jpg", "create_date": "2022-05-12", "seo": 182, "is_base": false, "images": [399, 400, 401]}}, {"model": "main.film", "pk": 1, "fields": {"name": "Мстители", "name_ru": "Мстители", "name_uk": "Месники", "description": "\"Мстители\" - отличный фильм для просмотра всей семьей. \"Мстители\" - отличный фильм для просмотра всей семьей. \"Мстители\" - отличный фильм для просмотра всей семьей. \"Мстители\" - отличный фильм для просмотра всей семьей. \"Мстители\" - отличный фильм для просмотра всей семьей. \"Мстители\" - отличный фильм для просмотра всей семьей. \"Мстители\" - отличный фильм для просмотра всей семьей. \"Мстители\" - отличный фильм для просмотра всей семьей. \"Мстители\" - отличный фильм для просмотра всей семьей. \"Мстители\" - отличный фильм для просмотра всей семьей.", "description_ru": "\"Мстители\" - отличный фильм для просмотра всей семьей. \"Мстители\" - отличный фильм для просмотра всей семьей. \"Мстители\" - отличный фильм для просмотра всей семьей. \"Мстители\" - отличный фильм для просмотра всей семьей. \"Мстители\" - отличный фильм для просмотра всей семьей. \"Мстители\" - отличный фильм для просмотра всей семьей. \"Мстители\" - отличный фильм для просмотра всей семьей. \"Мстители\" - отличный фильм для просмотра всей семьей. \"Мстители\" - отличный фильм для просмотра всей семьей. \"Мстители\" - отличный фильм для просмотра всей семьей.", "description_uk": "\"Месники\" - чудовий фільм для перегляду всією сім'єю. \"Месники\" - чудовий фільм для перегляду всією сім'єю. \"Месники\" - чудовий фільм для перегляду всією сім'єю. \"Месники\" - чудовий фільм для перегляду всією сім'єю. \"Месники\" - чудовий фільм для перегляду всією сім'єю. \"Месники\" - чудовий фільм для перегляду всією сім'єю. \"Месники\" - чудовий фільм для перегляду всією сім'єю. \"Месники\" - чудовий фільм для перегляду всією сім'єю. \"Месники\" - чудовий фільм для перегляду всією сім'єю. \"Месники\" - чудовий фільм для перегляду всією сім'єю.", "main_picture": "gallery/Без_названия.jpeg", "trailer": "bxwt6TvNxas", "type_2d": true, "type_3d": true, "type_imax": false, "premier_date": "2022-06-29", "seo": 1, "images": [522, 523]}}, {"model": "main.film", "pk": 2, "fields": {"name": "Первый мститель", "name_ru": "Первый мститель", "name_uk": "Перший месник", "description": "\"Первый мститель\" - отличный фильм для просмотра всей семьей. \"Первый мститель\" - отличный фильм для просмотра всей семьей. \"Первый мститель\" - отличный фильм для просмотра всей семьей. \"Первый мститель\" - отличный фильм для просмотра всей семьей. \"Первый мститель\" - отличный фильм для просмотра всей семьей. \"Первый мститель\" - отличный фильм для просмотра всей семьей. \"Первый мститель\" - отличный фильм для просмотра всей семьей. \"Первый мститель\" - отличный фильм для просмотра всей семьей. \"Первый мститель\" - отличный фильм для просмотра всей семьей. \"Первый мститель\" - отличный фильм для просмотра всей семьей.", "description_ru": "\"Первый мститель\" - отличный фильм для просмотра всей семьей. \"Первый мститель\" - отличный фильм для просмотра всей семьей. \"Первый мститель\" - отличный фильм для просмотра всей семьей. \"Первый мститель\" - отличный фильм для просмотра всей семьей. \"Первый мститель\" - отличный фильм для просмотра всей семьей. \"Первый мститель\" - отличный фильм для просмотра всей семьей. \"Первый мститель\" - отличный фильм для просмотра всей семьей. \"Первый мститель\" - отличный фильм для просмотра всей семьей. \"Первый мститель\" - отличный фильм для просмотра всей семьей. \"Первый мститель\" - отличный фильм для просмотра всей семьей.", "description_uk": "\"Перший месник\" - чудовий фільм для перегляду всією сім'єю. \"Перший месник\" - чудовий фільм для перегляду всією сім'єю. \"Перший месник\" - чудовий фільм для перегляду всією сім'єю. \"Перший месник\" - чудовий фільм для перегляду всією сім'єю. \"Перший месник\" - чудовий фільм для перегляду всією сім'єю. \"Перший месник\" - чудовий фільм для перегляду всією сім'єю. \"Перший месник\" - чудовий фільм для перегляду всією сім'єю. \"Перший месник\" - чудовий фільм для перегляду всією сім'єю. \"Перший месник\" - чудовий фільм для перегляду всією сім'єю. \"Перший месник\" - чудовий фільм для перегляду всією сім'єю.", "main_picture": "gallery/firstmain.jpeg", "trailer": "FxTlOl03x9c", "type_2d": true, "type_3d": true, "type_imax": false, "premier_date": "2022-04-17", "seo": 2, "images": [484, 485]}}, {"model": "main.film", "pk": 3, "fields": {"name": "Мстители: Война бесконечности", "name_ru": "Мстители: Война бесконечности", "name_uk": "Месники: Війна нескінченності", "description": "\"Мстители: Война бесконечности\" - отличный фильм для просмотра всей семьей. \"Мстители: Война бесконечности\" - отличный фильм для просмотра всей семьей. \"Мстители: Война бесконечности\" - отличный фильм для просмотра всей семьей. \"Мстители: Война бесконечности\" - отличный фильм для просмотра всей семьей. \"Мстители: Война бесконечности\" - отличный фильм для просмотра всей семьей. \"Мстители: Война бесконечности\" - отличный фильм для просмотра всей семьей. \"Мстители: Война бесконечности\" - отличный фильм для просмотра всей семьей. \"Мстители: Война бесконечности\" - отличный фильм для просмотра всей семьей. \"Мстители: Война бесконечности\" - отличный фильм для просмотра всей семьей. \"Мстители: Война бесконечности\" - отличный фильм для просмотра всей семьей.", "description_ru": "\"Мстители: Война бесконечности\" - отличный фильм для просмотра всей семьей. \"Мстители: Война бесконечности\" - отличный фильм для просмотра всей семьей. \"Мстители: Война бесконечности\" - отличный фильм для просмотра всей семьей. \"Мстители: Война бесконечности\" - отличный фильм для просмотра всей семьей. \"Мстители: Война бесконечности\" - отличный фильм для просмотра всей семьей. \"Мстители: Война бесконечности\" - отличный фильм для просмотра всей семьей. \"Мстители: Война бесконечности\" - отличный фильм для просмотра всей семьей. \"Мстители: Война бесконечности\" - отличный фильм для просмотра всей семьей. \"Мстители: Война бесконечности\" - отличный фильм для просмотра всей семьей. \"Мстители: Война бесконечности\" - отличный фильм для просмотра всей семьей.", "description_uk": "\"Месники: Війна нескінченності\" - чудовий фільм для перегляду всією сім'єю. \"Месники: Війна нескінченності\" - чудовий фільм для перегляду всією сім'єю. \"Месники: Війна нескінченності\" - чудовий фільм для перегляду всією сім'єю. \"Месники: Війна нескінченності\" - чудовий фільм для перегляду всією сім'єю. \"Месники: Війна нескінченності\" - чудовий фільм для перегляду всією сім'єю. \"Месники: Війна нескінченності\" - чудовий фільм для перегляду всією сім'єю. \"Месники: Війна нескінченності\" - чудовий фільм для перегляду всією сім'єю. \"Месники: Війна нескінченності\" - чудовий фільм для перегляду всією сім'єю. \"Месники: Війна нескінченності\" - чудовий фільм для перегляду всією сім'єю. \"Месники: Війна нескінченності\" - чудовий фільм для перегляду всією сім'єю.", "main_picture": "gallery/infwarmain_1HeSoIg.jpg", "trailer": "UsnDPok1ZOU", "type_2d": true, "type_3d": true, "type_imax": true, "premier_date": "2022-06-30", "seo": 3, "images": [520, 521]}}, {"model": "main.film", "pk": 94, "fields": {"name": "Железный человек", "name_ru": "Железный человек", "name_uk": "Залізна людина", "description": "\"Железный человек\" - отличный фильм для просмотра всей семьей. \"Железный человек\" - отличный фильм для просмотра всей семьей. \"Железный человек\" - отличный фильм для просмотра всей семьей. \"Железный человек\" - отличный фильм для просмотра всей семьей. \"Железный человек\" - отличный фильм для просмотра всей семьей. \"Железный человек\" - отличный фильм для просмотра всей семьей. \"Железный человек\" - отличный фильм для просмотра всей семьей. \"Железный человек\" - отличный фильм для просмотра всей семьей. \"Железный человек\" - отличный фильм для просмотра всей семьей. \"Железный человек\" - отличный фильм для просмотра всей семьей.", "description_ru": "\"Железный человек\" - отличный фильм для просмотра всей семьей. \"Железный человек\" - отличный фильм для просмотра всей семьей. \"Железный человек\" - отличный фильм для просмотра всей семьей. \"Железный человек\" - отличный фильм для просмотра всей семьей. \"Железный человек\" - отличный фильм для просмотра всей семьей. \"Железный человек\" - отличный фильм для просмотра всей семьей. \"Железный человек\" - отличный фильм для просмотра всей семьей. \"Железный человек\" - отличный фильм для просмотра всей семьей. \"Железный человек\" - отличный фильм для просмотра всей семьей. \"Железный человек\" - отличный фильм для просмотра всей семьей.", "description_uk": "\"Залізна людина\" - чудовий фільм для перегляду всією сім'єю. \"Залізна людина\" - чудовий фільм для перегляду всією сім'єю. \"Залізна людина\" - чудовий фільм для перегляду всією сім'єю. \"Залізна людина\" - чудовий фільм для перегляду всією сім'єю. \"Залізна людина\" - чудовий фільм для перегляду всією сім'єю. \"Залізна людина\" - чудовий фільм для перегляду всією сім'єю. \"Залізна людина\" - чудовий фільм для перегляду всією сім'єю. \"Залізна людина\" - чудовий фільм для перегляду всією сім'єю. \"Залізна людина\" - чудовий фільм для перегляду всією сім'єю. \"Залізна людина\" - чудовий фільм для перегляду всією сім'єю.", "main_picture": "gallery/ironmain_u7agQXR.jpg", "trailer": "fMKZMI8ByTs", "type_2d": true, "type_3d": true, "type_imax": false, "premier_date": "2022-05-02", "seo": 94, "images": [214, 215]}}, {"model": "main.film", "pk": 139, "fields": {"name": "Невероятный Халк", "name_ru": "Невероятный Халк", "name_uk": "Неймовірний Халк", "description": "\"Невероятный Халк\" - отличный фильм для просмотра всей семьей. \"Невероятный Халк\" - отличный фильм для просмотра всей семьей. \"Невероятный Халк\" - отличный фильм для просмотра всей семьей. \"Невероятный Халк\" - отличный фильм для просмотра всей семьей. \"Невероятный Халк\" - отличный фильм для просмотра всей семьей. \"Невероятный Халк\" - отличный фильм для просмотра всей семьей. \"Невероятный Халк\" - отличный фильм для просмотра всей семьей. \"Невероятный Халк\" - отличный фильм для просмотра всей семьей. \"Невероятный Халк\" - отличный фильм для просмотра всей семьей. \"Невероятный Халк\" - отличный фильм для просмотра всей семьей.", "description_ru": "\"Невероятный Халк\" - отличный фильм для просмотра всей семьей. \"Невероятный Халк\" - отличный фильм для просмотра всей семьей. \"Невероятный Халк\" - отличный фильм для просмотра всей семьей. \"Невероятный Халк\" - отличный фильм для просмотра всей семьей. \"Невероятный Халк\" - отличный фильм для просмотра всей семьей. \"Невероятный Халк\" - отличный фильм для просмотра всей семьей. \"Невероятный Халк\" - отличный фильм для просмотра всей семьей. \"Невероятный Халк\" - отличный фильм для просмотра всей семьей. \"Невероятный Халк\" - отличный фильм для просмотра всей семьей. \"Невероятный Халк\" - отличный фильм для просмотра всей семьей.", "description_uk": "\"Неймовірний Халк\" - чудовий фільм для перегляду всією родиною. \"Неймовірний Халк\" - чудовий фільм для перегляду всією родиною. \"Неймовірний Халк\" - чудовий фільм для перегляду всією родиною. \"Неймовірний Халк\" - чудовий фільм для перегляду всією родиною. \"Неймовірний Халк\" - чудовий фільм для перегляду всією родиною. \"Неймовірний Халк\" - чудовий фільм для перегляду всією родиною. \"Неймовірний Халк\" - чудовий фільм для перегляду всією родиною. \"Неймовірний Халк\" - чудовий фільм для перегляду всією родиною. \"Неймовірний Халк\" - чудовий фільм для перегляду всією родиною. \"Неймовірний Халк\" - чудовий фільм для перегляду всією родиною.", "main_picture": "gallery/hulkmain_yvbWhkM.jpeg", "trailer": "_-iXjRm3jG0", "type_2d": true, "type_3d": false, "type_imax": false, "premier_date": "2022-05-02", "seo": 208, "images": [456, 451, 455]}}, {"model": "main.film", "pk": 140, "fields": {"name": "Морбиус", "name_ru": "Морбиус", "name_uk": "Морбіус", "description": "\"Морбиус\" - отличный фильм для просмотра всей семьёй. \"Морбиус\" - отличный фильм для просмотра всей семьёй. \"Морбиус\" - отличный фильм для просмотра всей семьёй. \"Морбиус\" - отличный фильм для просмотра всей семьёй. \"Морбиус\" - отличный фильм для просмотра всей семьёй. \"Морбиус\" - отличный фильм для просмотра всей семьёй. \"Морбиус\" - отличный фильм для просмотра всей семьёй. \"Морбиус\" - отличный фильм для просмотра всей семьёй. \"Морбиус\" - отличный фильм для просмотра всей семьёй. \"Морбиус\" - отличный фильм для просмотра всей семьёй.", "description_ru": "\"Морбиус\" - отличный фильм для просмотра всей семьёй. \"Морбиус\" - отличный фильм для просмотра всей семьёй. \"Морбиус\" - отличный фильм для просмотра всей семьёй. \"Морбиус\" - отличный фильм для просмотра всей семьёй. \"Морбиус\" - отличный фильм для просмотра всей семьёй. \"Морбиус\" - отличный фильм для просмотра всей семьёй. \"Морбиус\" - отличный фильм для просмотра всей семьёй. \"Морбиус\" - отличный фильм для просмотра всей семьёй. \"Морбиус\" - отличный фильм для просмотра всей семьёй. \"Морбиус\" - отличный фильм для просмотра всей семьёй.", "description_uk": "\"Морбіус\" - чудовий фільм для перегляду всією сім'єю. \"Морбіус\" - чудовий фільм для перегляду всією сім'єю. \"Морбіус\" - чудовий фільм для перегляду всією сім'єю. \"Морбіус\" - чудовий фільм для перегляду всією сім'єю. \"Морбіус\" - чудовий фільм для перегляду всією сім'єю. \"Морбіус\" - чудовий фільм для перегляду всією сім'єю. \"Морбіус\" - чудовий фільм для перегляду всією сім'єю. \"Морбіус\" - чудовий фільм для перегляду всією сім'єю. \"Морбіус\" - чудовий фільм для перегляду всією сім'єю. \"Морбіус\" - чудовий фільм для перегляду всією сім'єю.", "main_picture": "gallery/Morbius_poster.jpg", "trailer": "oZ6iiRrz1SY", "type_2d": true, "type_3d": true, "type_imax": true, "premier_date": "2022-05-24", "seo": 214, "images": [498, 499, 500]}}, {"model": "main.film", "pk": 141, "fields": {"name": "Доктор Стрэндж: В мультивселенной безумия", "name_ru": "Доктор Стрэндж: В мультивселенной безумия", "name_uk": "Доктор Стрендж: У мультивсесвіті божевілля", "description": "\"Доктор Стрэндж: В мультивселенной безумия\" - отличный фильм для просмотра всей семьей. \"Доктор Стрэндж: В мультивселенной безумия\" - отличный фильм для просмотра всей семьей. \"Доктор Стрэндж: В мультивселенной безумия\" - отличный фильм для просмотра всей семьей. \"Доктор Стрэндж: В мультивселенной безумия\" - отличный фильм для просмотра всей семьей. \"Доктор Стрэндж: В мультивселенной безумия\" - отличный фильм для просмотра всей семьей. \"Доктор Стрэндж: В мультивселенной безумия\" - отличный фильм для просмотра всей семьей. \"Доктор Стрэндж: В мультивселенной безумия\" - отличный фильм для просмотра всей семьей. \"Доктор Стрэндж: В мультивселенной безумия\" - отличный фильм для просмотра всей семьей. \"Доктор Стрэндж: В мультивселенной безумия\" - отличный фильм для просмотра всей семьей. \"Доктор Стрэндж: В мультивселенной безумия\" - отличный фильм для просмотра всей семьей.", "description_ru": "\"Доктор Стрэндж: В мультивселенной безумия\" - отличный фильм для просмотра всей семьей. \"Доктор Стрэндж: В мультивселенной безумия\" - отличный фильм для просмотра всей семьей. \"Доктор Стрэндж: В мультивселенной безумия\" - отличный фильм для просмотра всей семьей. \"Доктор Стрэндж: В мультивселенной безумия\" - отличный фильм для просмотра всей семьей. \"Доктор Стрэндж: В мультивселенной безумия\" - отличный фильм для просмотра всей семьей. \"Доктор Стрэндж: В мультивселенной безумия\" - отличный фильм для просмотра всей семьей. \"Доктор Стрэндж: В мультивселенной безумия\" - отличный фильм для просмотра всей семьей. \"Доктор Стрэндж: В мультивселенной безумия\" - отличный фильм для просмотра всей семьей. \"Доктор Стрэндж: В мультивселенной безумия\" - отличный фильм для просмотра всей семьей. \"Доктор Стрэндж: В мультивселенной безумия\" - отличный фильм для просмотра всей семьей.", "description_uk": "\"Доктор Стрендж: У мультивсесвіті божевілля\" - відмінний фільм для перегляду всією сім'єю. \"Доктор Стрендж: У мультивсесвіті божевілля\" - відмінний фільм для перегляду всією сім'єю. \"Доктор Стрендж: У мультивсесвіті божевілля\" - відмінний фільм для перегляду всією сім'єю. \"Доктор Стрендж: У мультивсесвіті божевілля\" - відмінний фільм для перегляду всією сім'єю. \"Доктор Стрендж: У мультивсесвіті божевілля\" - відмінний фільм для перегляду всією сім'єю. \"Доктор Стрендж: У мультивсесвіті божевілля\" - відмінний фільм для перегляду всією сім'єю. \"Доктор Стрендж: У мультивсесвіті божевілля\" - відмінний фільм для перегляду всією сім'єю. \"Доктор Стрендж: У мультивсесвіті божевілля\" - відмінний фільм для перегляду всією сім'єю. \"Доктор Стрендж: У мультивсесвіті божевілля\" - відмінний фільм для перегляду всією сім'єю. \"Доктор Стрендж: У мультивсесвіті божевілля\" - відмінний фільм для перегляду всією сім'єю.", "main_picture": "gallery/Доктор_Стрэндж_В_мультивселенной_безумия_тизер_постер.jpeg", "trailer": "L0h0cydG3iI", "type_2d": true, "type_3d": true, "type_imax": true, "premier_date": "2022-05-06", "seo": 215, "images": [501, 502, 503]}}, {"model": "main.film", "pk": 142, "fields": {"name": "Человек-Паук: Нет пути домой", "name_ru": "Человек-Паук: Нет пути домой", "name_uk": "Людина-Павук: Додому шляху нема", "description": "\"Человек-Паук: Нет пути домой\" - отличный фильм для просмотра всей семьей. \"Человек-Паук: Нет пути домой\" - отличный фильм для просмотра всей семьей. \"Человек-Паук: Нет пути домой\" - отличный фильм для просмотра всей семьей. \"Человек-Паук: Нет пути домой\" - отличный фильм для просмотра всей семьей. \"Человек-Паук: Нет пути домой\" - отличный фильм для просмотра всей семьей. \"Человек-Паук: Нет пути домой\" - отличный фильм для просмотра всей семьей. \"Человек-Паук: Нет пути домой\" - отличный фильм для просмотра всей семьей. \"Человек-Паук: Нет пути домой\" - отличный фильм для просмотра всей семьей. \"Человек-Паук: Нет пути домой\" - отличный фильм для просмотра всей семьей. \"Человек-Паук: Нет пути домой\" - отличный фильм для просмотра всей семьей.", "description_ru": "\"Человек-Паук: Нет пути домой\" - отличный фильм для просмотра всей семьей. \"Человек-Паук: Нет пути домой\" - отличный фильм для просмотра всей семьей. \"Человек-Паук: Нет пути домой\" - отличный фильм для просмотра всей семьей. \"Человек-Паук: Нет пути домой\" - отличный фильм для просмотра всей семьей. \"Человек-Паук: Нет пути домой\" - отличный фильм для просмотра всей семьей. \"Человек-Паук: Нет пути домой\" - отличный фильм для просмотра всей семьей. \"Человек-Паук: Нет пути домой\" - отличный фильм для просмотра всей семьей. \"Человек-Паук: Нет пути домой\" - отличный фильм для просмотра всей семьей. \"Человек-Паук: Нет пути домой\" - отличный фильм для просмотра всей семьей. \"Человек-Паук: Нет пути домой\" - отличный фильм для просмотра всей семьей.", "description_uk": "\"Людина-павук: Немає шляху додому\" - чудовий фільм для перегляду всією сім'єю. \"Людина-павук: Немає шляху додому\" - чудовий фільм для перегляду всією сім'єю. \"Людина-павук: Немає шляху додому\" - чудовий фільм для перегляду всією сім'єю. \"Людина-павук: Немає шляху додому\" - чудовий фільм для перегляду всією сім'єю. \"Людина-павук: Немає шляху додому\" - чудовий фільм для перегляду всією сім'єю. \"Людина-павук: Немає шляху додому\" - чудовий фільм для перегляду всією сім'єю. \"Людина-павук: Немає шляху додому\" - чудовий фільм для перегляду всією сім'єю. \"Людина-павук: Немає шляху додому\" - чудовий фільм для перегляду всією сім'єю. \"Людина-павук: Немає шляху додому\" - чудовий фільм для перегляду всією сім'єю. \"Людина-павук: Немає шляху додому\" - чудовий фільм для перегляду всією сім'єю.", "main_picture": "gallery/паук.jpg", "trailer": "V0hagz_8L3M", "type_2d": true, "type_3d": false, "type_imax": false, "premier_date": "2022-05-04", "seo": 216, "images": [504, 505]}}, {"model": "main.film", "pk": 143, "fields": {"name": "Веном 2", "name_ru": "Веном 2", "name_uk": "Веном 2", "description": "\"Веном 2\" - отличный фильм для просмотра всей семьей. \"Веном 2\" - отличный фильм для просмотра всей семьей. \"Веном 2\" - отличный фильм для просмотра всей семьей. \"Веном 2\" - отличный фильм для просмотра всей семьей. \"Веном 2\" - отличный фильм для просмотра всей семьей. \"Веном 2\" - отличный фильм для просмотра всей семьей. \"Веном 2\" - отличный фильм для просмотра всей семьей. \"Веном 2\" - отличный фильм для просмотра всей семьей. \"Веном 2\" - отличный фильм для просмотра всей семьей. \"Веном 2\" - отличный фильм для просмотра всей семьей.", "description_ru": "\"Веном 2\" - отличный фильм для просмотра всей семьей. \"Веном 2\" - отличный фильм для просмотра всей семьей. \"Веном 2\" - отличный фильм для просмотра всей семьей. \"Веном 2\" - отличный фильм для просмотра всей семьей. \"Веном 2\" - отличный фильм для просмотра всей семьей. \"Веном 2\" - отличный фильм для просмотра всей семьей. \"Веном 2\" - отличный фильм для просмотра всей семьей. \"Веном 2\" - отличный фильм для просмотра всей семьей. \"Веном 2\" - отличный фильм для просмотра всей семьей. \"Веном 2\" - отличный фильм для просмотра всей семьей.", "description_uk": "\"Веном 2\" - чудовий фільм для перегляду всією сім'єю. \"Веном 2\" - чудовий фільм для перегляду всією сім'єю. \"Веном 2\" - чудовий фільм для перегляду всією сім'єю. \"Веном 2\" - чудовий фільм для перегляду всією сім'єю. \"Веном 2\" - чудовий фільм для перегляду всією сім'єю. \"Веном 2\" - чудовий фільм для перегляду всією сім'єю. \"Веном 2\" - чудовий фільм для перегляду всією сім'єю. \"Веном 2\" - чудовий фільм для перегляду всією сім'єю. \"Веном 2\" - чудовий фільм для перегляду всією сім'єю. \"Веном 2\" - чудовий фільм для перегляду всією сім'єю.", "main_picture": "gallery/веном2.jpg", "trailer": "Othd8W8o3t0", "type_2d": true, "type_3d": true, "type_imax": true, "premier_date": "2022-05-03", "seo": 217, "images": [506, 507, 508]}}, {"model": "main.film", "pk": 144, "fields": {"name": "Новые мутанты", "name_ru": "Новые мутанты", "name_uk": "Нові мутанти", "description": "\"Новые мутанты\" - отличный фильм для просмотра всей семьей. \"Новые мутанты\" - отличный фильм для просмотра всей семьей. \"Новые мутанты\" - отличный фильм для просмотра всей семьей. \"Новые мутанты\" - отличный фильм для просмотра всей семьей. \"Новые мутанты\" - отличный фильм для просмотра всей семьей. \"Новые мутанты\" - отличный фильм для просмотра всей семьей. \"Новые мутанты\" - отличный фильм для просмотра всей семьей. \"Новые мутанты\" - отличный фильм для просмотра всей семьей. \"Новые мутанты\" - отличный фильм для просмотра всей семьей. \"Новые мутанты\" - отличный фильм для просмотра всей семьей.", "description_ru": "\"Новые мутанты\" - отличный фильм для просмотра всей семьей. \"Новые мутанты\" - отличный фильм для просмотра всей семьей. \"Новые мутанты\" - отличный фильм для просмотра всей семьей. \"Новые мутанты\" - отличный фильм для просмотра всей семьей. \"Новые мутанты\" - отличный фильм для просмотра всей семьей. \"Новые мутанты\" - отличный фильм для просмотра всей семьей. \"Новые мутанты\" - отличный фильм для просмотра всей семьей. \"Новые мутанты\" - отличный фильм для просмотра всей семьей. \"Новые мутанты\" - отличный фильм для просмотра всей семьей. \"Новые мутанты\" - отличный фильм для просмотра всей семьей.", "description_uk": "\"Нові мутанти\" - чудовий фільм для перегляду всією родиною. \"Нові мутанти\" - чудовий фільм для перегляду всією родиною. \"Нові мутанти\" - чудовий фільм для перегляду всією родиною. \"Нові мутанти\" - чудовий фільм для перегляду всією родиною. \"Нові мутанти\" - чудовий фільм для перегляду всією родиною. \"Нові мутанти\" - чудовий фільм для перегляду всією родиною. \"Нові мутанти\" - чудовий фільм для перегляду всією родиною. \"Нові мутанти\" - чудовий фільм для перегляду всією родиною. \"Нові мутанти\" - чудовий фільм для перегляду всією родиною. \"Нові мутанти\" - чудовий фільм для перегляду всією родиною.", "main_picture": "gallery/мутанты.jpg", "trailer": "23YQI9LFwC0", "type_2d": true, "type_3d": false, "type_imax": false, "premier_date": "2022-05-02", "seo": 218, "images": [511, 512]}}, {"model": "main.film", "pk": 145, "fields": {"name": "Люди Икс: Тёмный Феникс", "name_ru": "Люди Икс: Тёмный Феникс", "name_uk": "Люди Ікс: Темний Фенікс", "description": "\"Люди Икс: Тёмный Феникс\" - отличный фильм для просмотра всей семьей. \"Люди Икс: Тёмный Феникс\" - отличный фильм для просмотра всей семьей. \"Люди Икс: Тёмный Феникс\" - отличный фильм для просмотра всей семьей. \"Люди Икс: Тёмный Феникс\" - отличный фильм для просмотра всей семьей. \"Люди Икс: Тёмный Феникс\" - отличный фильм для просмотра всей семьей. \"Люди Икс: Тёмный Феникс\" - отличный фильм для просмотра всей семьей. \"Люди Икс: Тёмный Феникс\" - отличный фильм для просмотра всей семьей. \"Люди Икс: Тёмный Феникс\" - отличный фильм для просмотра всей семьей. \"Люди Икс: Тёмный Феникс\" - отличный фильм для просмотра всей семьей. \"Люди Икс: Тёмный Феникс\" - отличный фильм для просмотра всей семьей.", "description_ru": "\"Люди Икс: Тёмный Феникс\" - отличный фильм для просмотра всей семьей. \"Люди Икс: Тёмный Феникс\" - отличный фильм для просмотра всей семьей. \"Люди Икс: Тёмный Феникс\" - отличный фильм для просмотра всей семьей. \"Люди Икс: Тёмный Феникс\" - отличный фильм для просмотра всей семьей. \"Люди Икс: Тёмный Феникс\" - отличный фильм для просмотра всей семьей. \"Люди Икс: Тёмный Феникс\" - отличный фильм для просмотра всей семьей. \"Люди Икс: Тёмный Феникс\" - отличный фильм для просмотра всей семьей. \"Люди Икс: Тёмный Феникс\" - отличный фильм для просмотра всей семьей. \"Люди Икс: Тёмный Феникс\" - отличный фильм для просмотра всей семьей. \"Люди Икс: Тёмный Феникс\" - отличный фильм для просмотра всей семьей.", "description_uk": "\"Люди Ікс: Темний Фенікс\" - чудовий фільм для перегляду всією сім'єю. \"Люди Ікс: Темний Фенікс\" - чудовий фільм для перегляду всією сім'єю. \"Люди Ікс: Темний Фенікс\" - чудовий фільм для перегляду всією сім'єю. \"Люди Ікс: Темний Фенікс\" - чудовий фільм для перегляду всією сім'єю. \"Люди Ікс: Темний Фенікс\" - чудовий фільм для перегляду всією сім'єю. \"Люди Ікс: Темний Фенікс\" - чудовий фільм для перегляду всією сім'єю. \"Люди Ікс: Темний Фенікс\" - чудовий фільм для перегляду всією сім'єю. \"Люди Ікс: Темний Фенікс\" - чудовий фільм для перегляду всією сім'єю. \"Люди Ікс: Темний Фенікс\" - чудовий фільм для перегляду всією сім'єю. \"Люди Ікс: Темний Фенікс\" - чудовий фільм для перегляду всією сім'єю.", "main_picture": "gallery/иксы.jpg", "trailer": "X5ST3VNfYVI", "type_2d": true, "type_3d": true, "type_imax": false, "premier_date": "2022-05-02", "seo": 219, "images": [509, 510]}}, {"model": "main.film", "pk": 146, "fields": {"name": "Тор: Любовь и гром", "name_ru": "Тор: Любовь и гром", "name_uk": "Тор: Любов і гром", "description": "\"Тор: Любовь и гром\" - отличный фильм для просмотра всей семьей. \"Тор: Любовь и гром\" - отличный фильм для просмотра всей семьей. \"Тор: Любовь и гром\" - отличный фильм для просмотра всей семьей. \"Тор: Любовь и гром\" - отличный фильм для просмотра всей семьей. \"Тор: Любовь и гром\" - отличный фильм для просмотра всей семьей. \"Тор: Любовь и гром\" - отличный фильм для просмотра всей семьей. \"Тор: Любовь и гром\" - отличный фильм для просмотра всей семьей. \"Тор: Любовь и гром\" - отличный фильм для просмотра всей семьей. \"Тор: Любовь и гром\" - отличный фильм для просмотра всей семьей. \"Тор: Любовь и гром\" - отличный фильм для просмотра всей семьей.", "description_ru": "\"Тор: Любовь и гром\" - отличный фильм для просмотра всей семьей. \"Тор: Любовь и гром\" - отличный фильм для просмотра всей семьей. \"Тор: Любовь и гром\" - отличный фильм для просмотра всей семьей. \"Тор: Любовь и гром\" - отличный фильм для просмотра всей семьей. \"Тор: Любовь и гром\" - отличный фильм для просмотра всей семьей. \"Тор: Любовь и гром\" - отличный фильм для просмотра всей семьей. \"Тор: Любовь и гром\" - отличный фильм для просмотра всей семьей. \"Тор: Любовь и гром\" - отличный фильм для просмотра всей семьей. \"Тор: Любовь и гром\" - отличный фильм для просмотра всей семьей. \"Тор: Любовь и гром\" - отличный фильм для просмотра всей семьей.", "description_uk": "\"Тор: Любов і грім\" - чудовий фільм для перегляду всією сім'єю. \"Тор: Любов і грім\" - чудовий фільм для перегляду всією сім'єю. \"Тор: Любов і грім\" - чудовий фільм для перегляду всією сім'єю. \"Тор: Любов і грім\" - чудовий фільм для перегляду всією сім'єю. \"Тор: Любов і грім\" - чудовий фільм для перегляду всією сім'єю. \"Тор: Любов і грім\" - чудовий фільм для перегляду всією сім'єю. \"Тор: Любов і грім\" - чудовий фільм для перегляду всією сім'єю. \"Тор: Любов і грім\" - чудовий фільм для перегляду всією сім'єю. \"Тор: Любов і грім\" - чудовий фільм для перегляду всією сім'єю. \"Тор: Любов і грім\" - чудовий фільм для перегляду всією сім'єю.", "main_picture": "gallery/тор4.jpg", "trailer": "Go8nTmfrQd8", "type_2d": true, "type_3d": true, "type_imax": true, "premier_date": "2022-07-08", "seo": 220, "images": [515, 516, 517, 518, 519]}}, {"model": "main.film", "pk": 147, "fields": {"name": "Черная пантера 2: Ваканда навеки", "name_ru": "Черная пантера 2: Ваканда навеки", "name_uk": "Чорна пантера 2: Ваканда назавжди", "description": "\"Черная пантера 2: Ваканда навеки\" - отличный фильм для просмотра всей семьей. \"Черная пантера 2: Ваканда навеки\" - отличный фильм для просмотра всей семьей. \"Черная пантера 2: Ваканда навеки\" - отличный фильм для просмотра всей семьей. \"Черная пантера 2: Ваканда навеки\" - отличный фильм для просмотра всей семьей. \"Черная пантера 2: Ваканда навеки\" - отличный фильм для просмотра всей семьей. \"Черная пантера 2: Ваканда навеки\" - отличный фильм для просмотра всей семьей. \"Черная пантера 2: Ваканда навеки\" - отличный фильм для просмотра всей семьей. \"Черная пантера 2: Ваканда навеки\" - отличный фильм для просмотра всей семьей. \"Черная пантера 2: Ваканда навеки\" - отличный фильм для просмотра всей семьей. \"Черная пантера 2: Ваканда навеки\" - отличный фильм для просмотра всей семьей.", "description_ru": "\"Черная пантера 2: Ваканда навеки\" - отличный фильм для просмотра всей семьей. \"Черная пантера 2: Ваканда навеки\" - отличный фильм для просмотра всей семьей. \"Черная пантера 2: Ваканда навеки\" - отличный фильм для просмотра всей семьей. \"Черная пантера 2: Ваканда навеки\" - отличный фильм для просмотра всей семьей. \"Черная пантера 2: Ваканда навеки\" - отличный фильм для просмотра всей семьей. \"Черная пантера 2: Ваканда навеки\" - отличный фильм для просмотра всей семьей. \"Черная пантера 2: Ваканда навеки\" - отличный фильм для просмотра всей семьей. \"Черная пантера 2: Ваканда навеки\" - отличный фильм для просмотра всей семьей. \"Черная пантера 2: Ваканда навеки\" - отличный фильм для просмотра всей семьей. \"Черная пантера 2: Ваканда навеки\" - отличный фильм для просмотра всей семьей.", "description_uk": "\"Чорна пантера 2: Ваканда навіки\" - чудовий фільм для перегляду всією сім'єю. \"Чорна пантера 2: Ваканда навіки\" - чудовий фільм для перегляду всією сім'єю. \"Чорна пантера 2: Ваканда навіки\" - чудовий фільм для перегляду всією сім'єю. \"Чорна пантера 2: Ваканда навіки\" - чудовий фільм для перегляду всією сім'єю. \"Чорна пантера 2: Ваканда навіки\" - чудовий фільм для перегляду всією сім'єю. \"Чорна пантера 2: Ваканда навіки\" - чудовий фільм для перегляду всією сім'єю. \"Чорна пантера 2: Ваканда навіки\" - чудовий фільм для перегляду всією сім'єю. \"Чорна пантера 2: Ваканда навіки\" - чудовий фільм для перегляду всією сім'єю. \"Чорна пантера 2: Ваканда навіки\" - чудовий фільм для перегляду всією сім'єю. \"Чорна пантера 2: Ваканда навіки\" - чудовий фільм для перегляду всією сім'єю.", "main_picture": "gallery/пант2.jpg", "trailer": "e-1NhY6P2z0", "type_2d": true, "type_3d": false, "type_imax": false, "premier_date": "2022-11-30", "seo": 221, "images": [513, 514]}}, {"model": "main.newsorprom", "pk": 1, "fields": {"name": "Известный Ноунейм уходит из кино!", "name_ru": "Известный Ноунейм уходит из кино!", "name_uk": "Відомій Ноунейм виходить з кіно!", "description": "Известный Ноунейм уходит из кино!Известный Ноунейм уходит из кино!Известный Ноунейм уходит из кино!", "description_ru": "Известный Ноунейм уходит из кино!Известный Ноунейм уходит из кино!Известный Ноунейм уходит из кино!", "description_uk": "Відомій Ноунейм виходить з кіно!Відомій Ноунейм виходить з кіно!Відомій Ноунейм виходить з кіно!", "main_picture": "gallery/city1.jpg", "link_to_video": "https://www.youtube.com/", "pub_date": "2022-05-12", "status": true, "seo": 185, "type": false, "images": [408, 394, 395]}}, {"model": "main.newsorprom", "pk": 2, "fields": {"name": "Анджелина Джоли в кафе города Львов!", "name_ru": "Анджелина Джоли в кафе города Львов!", "name_uk": "Анджеліна Джолі в кафе міста Львів!", "description": "Анджелина Джоли в кафе города Львов!Анджелина Джоли в кафе города Львов!Анджелина Джоли в кафе города Львов!", "description_ru": "Анджелина Джоли в кафе города Львов!Анджелина Джоли в кафе города Львов!Анджелина Джоли в кафе города Львов!", "description_uk": "Анджеліна Джолі в кафе міста Львів!Анджеліна Джолі в кафе міста Львів!Анджеліна Джолі в кафе міста Львів!", "main_picture": "gallery/7.jpg", "link_to_video": "https://www.youtube.com/", "pub_date": "2022-05-12", "status": true, "seo": 186, "type": false, "images": [464, 465, 466]}}, {"model": "main.newsorprom", "pk": 3, "fields": {"name": "Купи 3 билета и получи 4-ый в подарок!", "name_ru": "Купи 3 билета и получи 4-ый в подарок!", "name_uk": "Купуй 3 білети і отримай 4-ий у подарунок!", "description": "Купи 3 билета и получи 4-ый в подарок!Купи 3 билета и получи 4-ый в подарок!Купи 3 билета и получи 4-ый в подарок!", "description_ru": "Купи 3 билета и получи 4-ый в подарок!Купи 3 билета и получи 4-ый в подарок!Купи 3 билета и получи 4-ый в подарок!", "description_uk": "Купуй 3 білети і отримай 4-ий у подарунок!Купуй 3 білети і отримай 4-ий у подарунок!Купуй 3 білети і отримай 4-ий у подарунок!", "main_picture": "gallery/multi1_y8a14xM.jpeg", "link_to_video": "https://www.youtube.com/", "pub_date": "2022-05-13", "status": true, "seo": 187, "type": true, "images": [422, 423, 424]}}, {"model": "main.newsorprom", "pk": 4, "fields": {"name": "Бред Пит в Одессе!", "name_ru": "Бред Пит в Одессе!", "name_uk": "Бред Піт в Одесі", "description": "Бред Пит в Одессе!Бред Пит в Одессе!Бред Пит в Одессе!Бред Пит в Одессе!", "description_ru": "Бред Пит в Одессе!Бред Пит в Одессе!Бред Пит в Одессе!Бред Пит в Одессе!", "description_uk": "Бред Піт в ОдесіБред Піт в ОдесіБред Піт в ОдесіБред Піт в ОдесіБред Піт в Одесі", "main_picture": "gallery/8.jpg", "link_to_video": "https://snipp.ru/html-css/checkbox-toggle", "pub_date": "2022-05-13", "status": true, "seo": 188, "type": false, "images": [409, 463]}}, {"model": "main.newsorprom", "pk": 5, "fields": {"name": "Стала известна дата выхода Форсаж 14!!!", "name_ru": "Стала известна дата выхода Форсаж 14!!!", "name_uk": "Стала відома дата виходу Форсаж 14!!!", "description": "Стала известна дата выхода Форсаж 14!!!Стала известна дата выхода Форсаж 14!!!Стала известна дата выхода Форсаж 14!!!", "description_ru": "Стала известна дата выхода Форсаж 14!!!Стала известна дата выхода Форсаж 14!!!Стала известна дата выхода Форсаж 14!!!", "description_uk": "Стала відома дата виходу Форсаж 14!!!Стала відома дата виходу Форсаж 14!!!Стала відома дата виходу Форсаж 14!!!", "main_picture": "gallery/hall3.webp", "link_to_video": "https://snipp.ru/html-css/checkbox-toggle", "pub_date": "2022-05-11", "status": true, "seo": 189, "type": false, "images": [412, 413]}}, {"model": "main.newsorprom", "pk": 7, "fields": {"name": "Скидка 20% на все вечерние сеансы!", "name_ru": "Скидка 20% на все вечерние сеансы!", "name_uk": "Знижка 20% на всі вечерні сеанси!", "description": "Скидка 20% на все вечерние сеансы!Скидка 20% на все вечерние сеансы!", "description_ru": "Скидка 20% на все вечерние сеансы!Скидка 20% на все вечерние сеансы!", "description_uk": "Знижка 20% на всі вечерні сеанси!Знижка 20% на всі вечерні сеанси!", "main_picture": "gallery/hall2.jpg", "link_to_video": "https://www.youtube.com/", "pub_date": "2022-05-13", "status": true, "seo": 191, "type": true, "images": [426, 427]}}, {"model": "main.newsorprom", "pk": 8, "fields": {"name": "Сходи на 3D и получи маленькую CocaCola!", "name_ru": "Сходи на 3D и получи маленькую CocaCola!", "name_uk": "Піди на 3D та отримай маленьку CocaCola!", "description": "Сходи на 3D и получи маленькую CocaCola!Сходи на 3D и получи маленькую CocaCola!", "description_ru": "Сходи на 3D и получи маленькую CocaCola!Сходи на 3D и получи маленькую CocaCola!", "description_uk": "Піди на 3D та отримай маленьку CocaCola!Піди на 3D та отримай маленьку CocaCola!", "main_picture": "gallery/6.jpg", "link_to_video": "https://snipp.ru/html-css/checkbox-toggle", "pub_date": "2022-05-14", "status": true, "seo": 192, "type": true, "images": [418, 467]}}, {"model": "main.newsorprom", "pk": 10, "fields": {"name": "Скидка 40% на весь попкорн с сыром!", "name_ru": "Скидка 40% на весь попкорн с сыром!", "name_uk": "Знижка 40% на весь попкорн з сиром!", "description": "Скидка 40% на весь попкорн с сыром!Скидка 40% на весь попкорн с сыром!Скидка 40% на весь попкорн с сыром!", "description_ru": "Скидка 40% на весь попкорн с сыром!Скидка 40% на весь попкорн с сыром!Скидка 40% на весь попкорн с сыром!", "description_uk": "Знижка 40% на весь попкорн з сиром!Знижка 40% на весь попкорн з сиром!Знижка 40% на весь попкорн з сиром!", "main_picture": "gallery/city1_tCjI8t2.jpg", "link_to_video": "https://snipp.ru/html-css/checkbox-toggle", "pub_date": "2022-05-12", "status": true, "seo": 194, "type": true, "images": [425, 488]}}, {"model": "main.page", "pk": 1, "fields": {"status": true, "telephone1": "777-77-77", "telephone2": "777-77-77", "seo_text": "Создание веб-приложений для смартфонов, планшетов и настольных компьютеров – лучшая инвестиция в развитие компании. Эти универсальные решения позволяют упростить и оптимизировать бизнес-процессы как владельцам, так и клиентам. При этом все коммерческие данные будут расположены в отказоустойчивом и защищенном облачном хранилище, а доступ к нужным функциям программы легко получить через веб-браузер на любом устройстве. Чтобы отвечать запросам времени и выдерживать конкуренцию веб-ресурсы компании должны одинаково хорошо и быстро открываться и на десктопных компьютерах, и на мобильных устройствах. Но само по себе изменение подхода к верстке сайтов не позволяет сделать качественный скачок в развитии бизнеса. Для роста интернет-конверсий и резкого увеличения показателей нужна интерактивность. Веб-ресурс организации должен предоставлять не статическую информацию по запросу пользователя, а динамически генерировать веб-страницы именно с теми данными, которые нужны клиенту. Именно поэтому повсеместно на смену созданию статических веб-сайтов, порталов и лэндингов приходит разработка веб-приложений.", "seo_text_ru": "Создание веб-приложений для смартфонов, планшетов и настольных компьютеров – лучшая инвестиция в развитие компании. Эти универсальные решения позволяют упростить и оптимизировать бизнес-процессы как владельцам, так и клиентам. При этом все коммерческие данные будут расположены в отказоустойчивом и защищенном облачном хранилище, а доступ к нужным функциям программы легко получить через веб-браузер на любом устройстве. Чтобы отвечать запросам времени и выдерживать конкуренцию веб-ресурсы компании должны одинаково хорошо и быстро открываться и на десктопных компьютерах, и на мобильных устройствах. Но само по себе изменение подхода к верстке сайтов не позволяет сделать качественный скачок в развитии бизнеса. Для роста интернет-конверсий и резкого увеличения показателей нужна интерактивность. Веб-ресурс организации должен предоставлять не статическую информацию по запросу пользователя, а динамически генерировать веб-страницы именно с теми данными, которые нужны клиенту. Именно поэтому повсеместно на смену созданию статических веб-сайтов, порталов и лэндингов приходит разработка веб-приложений.", "seo_text_uk": "Створення веб-додатків для смартфонів, планшетів та настільних комп'ютерів – найкраща інвестиція у розвиток компанії. Ці універсальні рішення дозволяють спростити та оптимізувати бізнес-процеси як власникам, так і клієнтам. При цьому всі комерційні дані будуть розташовані у відмовостійкому та захищеному хмарному сховищі, а доступ до потрібних функцій програми легко отримати через веб-браузер на будь-якому пристрої. Щоб відповідати запитам часу та витримувати конкуренцію, веб-ресурси компанії повинні однаково добре і швидко відкриватися і на десктопних комп'ютерах, і на мобільних пристроях. Але сама по собі зміна підходу до верстки сайтів не дозволяє зробити якісний стрибок у розвитку бізнесу. Для зростання інтернет-конверсій та різкого збільшення показників потрібна інтерактивність. Веб-ресурс організації повинен надавати не статичну інформацію на запит користувача, а динамічно генерувати веб-сторінки саме з тими даними, які потрібні клієнту. Саме тому повсюдно на зміну створенню статичних веб-сайтів, порталів та лендінгів приходить розробка веб-додатків.", "name": null, "name_ru": null, "name_uk": null, "description": "", "description_ru": "", "description_uk": null, "main_picture": "", "date_created": "2022-05-13", "contact": null, "seo": 196, "is_base": true, "is_main": true, "is_contact": false, "images": []}}, {"model": "main.page", "pk": 2, "fields": {"status": true, "telephone1": null, "telephone2": null, "seo_text": null, "seo_text_ru": null, "seo_text_uk": null, "name": null, "name_ru": null, "name_uk": null, "description": null, "description_ru": null, "description_uk": null, "main_picture": "gallery/halltrue2_ArJeVI1.jpg", "date_created": "2022-05-13", "contact": 2, "seo": 197, "is_base": true, "is_main": false, "is_contact": true, "images": []}}, {"model": "main.page", "pk": 4, "fields": {"status": false, "telephone1": null, "telephone2": null, "seo_text": "", "seo_text_ru": "", "seo_text_uk": null, "name": "Новая страница1", "name_ru": "Новая страница1", "name_uk": "Новая страница1", "description": "Новая страница1Новая страница1", "description_ru": "Новая страница1Новая страница1", "description_uk": "Новая страница1Новая страница1", "main_picture": "gallery/hall1_fI0x9SN.jpg", "date_created": "2022-05-13", "contact": null, "seo": 199, "is_base": false, "is_main": false, "is_contact": false, "images": [418]}}, {"model": "main.page", "pk": 5, "fields": {"status": true, "telephone1": null, "telephone2": null, "seo_text": null, "seo_text_ru": null, "seo_text_uk": null, "name": "О кинотеатре", "name_ru": "О кинотеатре", "name_uk": "Про кінотеатр", "description": "Мультиплекс – кинотеатр с несколькими, как правило, тремя или более кинозалами; комплекс кинотеатров Если количество залов превышает 12, такие комплексы называются мегаплекс (megaplex). Кинозалы, как правило, небольшие, потому что основная цель – показ нескольких фильмов одновременно, чтобы привлечь зрителей с разными предпочтениями. Мультиплекс кроме демонстрации кино может предоставлять другие развлечения, позволяя посетителям получить максимум удовольствия. Для этого в здании кинотеатра могут устраиваться бар или кафе, бильярд, игровые автоматы, боулинг.\r\n\r\n        Мультиплекс – кинотеатр с несколькими, как правило, тремя или более кинозалами; комплекс кинотеатров Если количество залов превышает 12, такие комплексы называются мегаплекс (megaplex). Кинозалы, как правило, небольшие, потому что основная цель – показ нескольких фильмов одновременно, чтобы привлечь зрителей с разными предпочтениями. Мультиплекс кроме демонстрации кино может предоставлять другие развлечения, позволяя посетителям получить максимум удовольствия. Для этого в здании кинотеатра могут устраиваться бар или кафе, бильярд, игровые автоматы, боулинг.\r\n\r\n        Мультиплекс – кинотеатр с несколькими, как правило, тремя или более кинозалами; комплекс кинотеатров Если количество залов превышает 12, такие комплексы называются мегаплекс (megaplex). Кинозалы, как правило, небольшие, потому что основная цель – показ нескольких фильмов одновременно, чтобы привлечь зрителей с разными предпочтениями. Мультиплекс кроме демонстрации кино может предоставлять другие развлечения, позволяя посетителям получить максимум удовольствия. Для этого в здании кинотеатра могут устраиваться бар или кафе, бильярд, игровые автоматы, боулинг.", "description_ru": "Мультиплекс – кинотеатр с несколькими, как правило, тремя или более кинозалами; комплекс кинотеатров Если количество залов превышает 12, такие комплексы называются мегаплекс (megaplex). Кинозалы, как правило, небольшие, потому что основная цель – показ нескольких фильмов одновременно, чтобы привлечь зрителей с разными предпочтениями. Мультиплекс кроме демонстрации кино может предоставлять другие развлечения, позволяя посетителям получить максимум удовольствия. Для этого в здании кинотеатра могут устраиваться бар или кафе, бильярд, игровые автоматы, боулинг.\r\n\r\n        Мультиплекс – кинотеатр с несколькими, как правило, тремя или более кинозалами; комплекс кинотеатров Если количество залов превышает 12, такие комплексы называются мегаплекс (megaplex). Кинозалы, как правило, небольшие, потому что основная цель – показ нескольких фильмов одновременно, чтобы привлечь зрителей с разными предпочтениями. Мультиплекс кроме демонстрации кино может предоставлять другие развлечения, позволяя посетителям получить максимум удовольствия. Для этого в здании кинотеатра могут устраиваться бар или кафе, бильярд, игровые автоматы, боулинг.\r\n\r\n        Мультиплекс – кинотеатр с несколькими, как правило, тремя или более кинозалами; комплекс кинотеатров Если количество залов превышает 12, такие комплексы называются мегаплекс (megaplex). Кинозалы, как правило, небольшие, потому что основная цель – показ нескольких фильмов одновременно, чтобы привлечь зрителей с разными предпочтениями. Мультиплекс кроме демонстрации кино может предоставлять другие развлечения, позволяя посетителям получить максимум удовольствия. Для этого в здании кинотеатра могут устраиваться бар или кафе, бильярд, игровые автоматы, боулинг.", "description_uk": "Мультіплекс - кінотеатр з декількома, як правило, трьома або більше кінозалами; комплекс кінотеатрів Якщо кількість залів перевищує 12, такі комплекси називають мегаплекс (megaplex). Кінозали, як правило, невеликі, тому що основна мета - показ декількох фільмів одночасно, щоб залучити глядачів із різними уподобаннями. Мультиплекс, крім демонстрації кіно, може надавати інші розваги, дозволяючи відвідувачам отримати максимум задоволення. Для цього в будівлі кінотеатру можуть влаштовуватись бар або кафе, більярд, ігрові автомати, боулінг.\r\n        Мультіплекс - кінотеатр з декількома, як правило, трьома або більше кінозалами; комплекс кінотеатрів Якщо кількість залів перевищує 12, такі комплекси називають мегаплекс (megaplex). Кінозали, як правило, невеликі, тому що основна мета - показ декількох фільмів одночасно, щоб залучити глядачів із різними уподобаннями. Мультиплекс, крім демонстрації кіно, може надавати інші розваги, дозволяючи відвідувачам отримати максимум задоволення. Для цього в будівлі кінотеатру можуть влаштовуватись бар або кафе, більярд, ігрові автомати, боулінг.\r\n        Мультиплекс – кінотеатр з декількома, як правило, трьома чи більше кінотеатрами; комплекс кінотеатрів Якщо кількість залів перевищує 12, такі комплекси називають мегаплекс (megaplex). Кінозали, як правило, невеликі, тому що основна мета – показ кількох фільмів одночасно, щоб залучити глядачів із різними уподобаннями. Мультиплекс, крім демонстрації кіно, може надавати інші розваги, дозволяючи відвідувачам отримати максимум задоволення. Для цього в будівлі кінотеатру можуть влаштовуватись бар або кафе, більярд, ігрові автомати, боулінг.", "main_picture": "gallery/logomultiplex_3cOVgN6.jpg", "date_created": "2022-05-13", "contact": null, "seo": 200, "is_base": true, "is_main": false, "is_contact": false, "images": [489, 490]}}, {"model": "main.page", "pk": 6, "fields": {"status": true, "telephone1": null, "telephone2": null, "seo_text": null, "seo_text_ru": null, "seo_text_uk": null, "name": "Кафе - Бар", "name_ru": "Кафе - Бар", "name_uk": "Кафе - Бар", "description": "Итак, основное отличие кафе-бара от кафе — наличие барной стойки. Второе — это барное меню, ассортимент напитков. Если в меню представлен минимум коктейлей и стандартный набор алкоголя, это, скорее всего, кафе.\r\nИтак, основное отличие кафе-бара от кафе — наличие барной стойки. Второе — это барное меню, ассортимент напитков. Если в меню представлен минимум коктейлей и стандартный набор алкоголя, это, скорее всего, кафе.\r\nИтак, основное отличие кафе-бара от кафе — наличие барной стойки. Второе — это барное меню, ассортимент напитков. Если в меню представлен минимум коктейлей и стандартный набор алкоголя, это, скорее всего, кафе.\r\nИтак, основное отличие кафе-бара от кафе — наличие барной стойки. Второе — это барное меню, ассортимент напитков. Если в меню представлен минимум коктейлей и стандартный набор алкоголя, это, скорее всего, кафе.", "description_ru": "Итак, основное отличие кафе-бара от кафе — наличие барной стойки. Второе — это барное меню, ассортимент напитков. Если в меню представлен минимум коктейлей и стандартный набор алкоголя, это, скорее всего, кафе.\r\nИтак, основное отличие кафе-бара от кафе — наличие барной стойки. Второе — это барное меню, ассортимент напитков. Если в меню представлен минимум коктейлей и стандартный набор алкоголя, это, скорее всего, кафе.\r\nИтак, основное отличие кафе-бара от кафе — наличие барной стойки. Второе — это барное меню, ассортимент напитков. Если в меню представлен минимум коктейлей и стандартный набор алкоголя, это, скорее всего, кафе.\r\nИтак, основное отличие кафе-бара от кафе — наличие барной стойки. Второе — это барное меню, ассортимент напитков. Если в меню представлен минимум коктейлей и стандартный набор алкоголя, это, скорее всего, кафе.", "description_uk": "Отже, основна відмінність кафе-бару від кафе є наявність барної стійки. Друге – це барне меню, асортимент напоїв. Якщо меню містить мінімум коктейлів і стандартний набір алкоголю, це, швидше за все, кафе.\r\nОтже, основна відмінність кафе-бару від кафе є наявність барної стійки. Друге – це барне меню, асортимент напоїв. Якщо меню містить мінімум коктейлів і стандартний набір алкоголю, це, швидше за все, кафе.\r\nОтже, основна відмінність кафе-бару від кафе є наявність барної стійки. Друге – це барне меню, асортимент напоїв. Якщо меню містить мінімум коктейлів і стандартний набір алкоголю, це, швидше за все, кафе.\r\nОтже, основна відмінність кафе-бару від кафе є наявність барної стійки. Друге – це барне меню, асортимент напоїв. Якщо меню містить мінімум коктейлів і стандартний набір алкоголю, це, швидше за все, кафе.", "main_picture": "gallery/city1_ieDhhJd.jpg", "date_created": "2022-05-13", "contact": null, "seo": 201, "is_base": true, "is_main": false, "is_contact": false, "images": [491, 492, 493]}}, {"model": "main.page", "pk": 7, "fields": {"status": true, "telephone1": null, "telephone2": null, "seo_text": null, "seo_text_ru": null, "seo_text_uk": null, "name": "Vip - зал", "name_ru": "Vip - зал", "name_uk": "Vip - зала", "description": "VIP-залы - это уникальное пространство для самых взыскательных гостей. В этом зале созданы исключительные условия для максимально комфортного просмотра фильмов отечественного и зарубежного кинопроката. Стильный дизайн, высочайший уровень обслуживания и инновационные технологические решения для показа кино сделают просмотр фильмов здесь незабываемым и всегда комфортным.\r\n\r\nРасстояние между рядами в VIP-залах значительно шире традиционного. Кожаные кресла оборудованы регуляторами спинки и подставкой для ног, таким образом, Вы можете установить кресла в горизонтальное положение, кнопкой вызова официанта, а также снабжены столиками для напитков и десертов, которые можно заказать из меню VIP-кафе. Суперсовременная кинопроекционная, аудио-аппаратура, а также специальное настенное и потолочное покрытие залов предоставляют зрителям возможность насладиться великолепной акустикой фильма, «живым» цветом экрана. Удобные кресла зала, раскладывающиеся как в салоне первого класса авиалайнера, и регулируемое освещение создают максимальный комфорт для зрителей. Кроме того, VIP-залы оборудованы отдельным гардеробом для гостей. На всей территории зоны премиального обслуживания доступен скоростной беспроводной Интернет.", "description_ru": "VIP-залы - это уникальное пространство для самых взыскательных гостей. В этом зале созданы исключительные условия для максимально комфортного просмотра фильмов отечественного и зарубежного кинопроката. Стильный дизайн, высочайший уровень обслуживания и инновационные технологические решения для показа кино сделают просмотр фильмов здесь незабываемым и всегда комфортным.\r\n\r\nРасстояние между рядами в VIP-залах значительно шире традиционного. Кожаные кресла оборудованы регуляторами спинки и подставкой для ног, таким образом, Вы можете установить кресла в горизонтальное положение, кнопкой вызова официанта, а также снабжены столиками для напитков и десертов, которые можно заказать из меню VIP-кафе. Суперсовременная кинопроекционная, аудио-аппаратура, а также специальное настенное и потолочное покрытие залов предоставляют зрителям возможность насладиться великолепной акустикой фильма, «живым» цветом экрана. Удобные кресла зала, раскладывающиеся как в салоне первого класса авиалайнера, и регулируемое освещение создают максимальный комфорт для зрителей. Кроме того, VIP-залы оборудованы отдельным гардеробом для гостей. На всей территории зоны премиального обслуживания доступен скоростной беспроводной Интернет.", "description_uk": "VIP-зали - це унікальний простір для найвибагливіших гостей. У цьому залі створено виняткові умови для максимально комфортного перегляду фільмів вітчизняного та зарубіжного кінопрокату. Стильний дизайн, найвищий рівень обслуговування та інноваційні технологічні рішення для показу кіно зроблять перегляд фільмів незабутнім і завжди комфортним.\r\n\r\nВідстань між рядами у VIP-залах значно ширша за традиційну. Шкіряні крісла обладнані регуляторами спинки та підставкою для ніг, таким чином Ви можете встановити крісла в горизонтальне положення, кнопкою виклику офіціанта, а також забезпечені столиками для напоїв та десертів, які можна замовити з меню VIP-кафе. Суперсучасна кінопроекційна, аудіо-апаратура, а також спеціальне настінне та стельове покриття залів надають глядачам можливість насолодитися чудовою акустикою фільму, «живим» кольором екрану. Зручні крісла залу, що розкладаються як в салоні першого класу авіалайнера, і освітлення, що регулюється, створюють максимальний комфорт для глядачів. Крім того, VIP-зали обладнані окремим гардеробом для гостей. На всій території зони преміального обслуговування доступний швидкісний бездротовий Інтернет.", "main_picture": "gallery/hall1_lcfbQWN.jpg", "date_created": "2022-05-13", "contact": null, "seo": 202, "is_base": true, "is_main": false, "is_contact": false, "images": [436, 437, 438]}}, {"model": "main.page", "pk": 8, "fields": {"status": true, "telephone1": null, "telephone2": null, "seo_text": null, "seo_text_ru": null, "seo_text_uk": null, "name": "Реклама", "name_ru": "Реклама", "name_uk": "Реклама", "description": "Сеть кинотеатров Синема Сити. Программа Лояльности Cinema Cashback. Возвращаем 3% стоимости билета. Синема Сити Киев, ТРЦ Ocean Plaza.\r\nСеть кинотеатров Синема Сити. Программа Лояльности Cinema Cashback. Возвращаем 3% стоимости билета. Синема Сити Киев, ТРЦ Ocean Plaza.\r\nСеть кинотеатров Синема Сити. Программа Лояльности Cinema Cashback. Возвращаем 3% стоимости билета. Синема Сити Киев, ТРЦ Ocean Plaza.\r\nСеть кинотеатров Синема Сити. Программа Лояльности Cinema Cashback. Возвращаем 3% стоимости билета. Синема Сити Киев, ТРЦ Ocean Plaza.\r\nСеть кинотеатров Синема Сити. Программа Лояльности Cinema Cashback. Возвращаем 3% стоимости билета. Синема Сити Киев, ТРЦ Ocean Plaza.\r\nСеть кинотеатров Синема Сити. Программа Лояльности Cinema Cashback. Возвращаем 3% стоимости билета. Синема Сити Киев, ТРЦ Ocean Plaza.\r\nСеть кинотеатров Синема Сити. Программа Лояльности Cinema Cashback. Возвращаем 3% стоимости билета. Синема Сити Киев, ТРЦ Ocean Plaza.\r\nСеть кинотеатров Синема Сити. Программа Лояльности Cinema Cashback. Возвращаем 3% стоимости билета. Синема Сити Киев, ТРЦ Ocean Plaza.\r\nСеть кинотеатров Синема Сити. Программа Лояльности Cinema Cashback. Возвращаем 3% стоимости билета. Синема Сити Киев, ТРЦ Ocean Plaza.\r\nСеть кинотеатров Синема Сити. Программа Лояльности Cinema Cashback. Возвращаем 3% стоимости билета. Синема Сити Киев, ТРЦ Ocean Plaza.", "description_ru": "Сеть кинотеатров Синема Сити. Программа Лояльности Cinema Cashback. Возвращаем 3% стоимости билета. Синема Сити Киев, ТРЦ Ocean Plaza.\r\nСеть кинотеатров Синема Сити. Программа Лояльности Cinema Cashback. Возвращаем 3% стоимости билета. Синема Сити Киев, ТРЦ Ocean Plaza.\r\nСеть кинотеатров Синема Сити. Программа Лояльности Cinema Cashback. Возвращаем 3% стоимости билета. Синема Сити Киев, ТРЦ Ocean Plaza.\r\nСеть кинотеатров Синема Сити. Программа Лояльности Cinema Cashback. Возвращаем 3% стоимости билета. Синема Сити Киев, ТРЦ Ocean Plaza.\r\nСеть кинотеатров Синема Сити. Программа Лояльности Cinema Cashback. Возвращаем 3% стоимости билета. Синема Сити Киев, ТРЦ Ocean Plaza.\r\nСеть кинотеатров Синема Сити. Программа Лояльности Cinema Cashback. Возвращаем 3% стоимости билета. Синема Сити Киев, ТРЦ Ocean Plaza.\r\nСеть кинотеатров Синема Сити. Программа Лояльности Cinema Cashback. Возвращаем 3% стоимости билета. Синема Сити Киев, ТРЦ Ocean Plaza.\r\nСеть кинотеатров Синема Сити. Программа Лояльности Cinema Cashback. Возвращаем 3% стоимости билета. Синема Сити Киев, ТРЦ Ocean Plaza.\r\nСеть кинотеатров Синема Сити. Программа Лояльности Cinema Cashback. Возвращаем 3% стоимости билета. Синема Сити Киев, ТРЦ Ocean Plaza.\r\nСеть кинотеатров Синема Сити. Программа Лояльности Cinema Cashback. Возвращаем 3% стоимости билета. Синема Сити Киев, ТРЦ Ocean Plaza.", "description_uk": "Мережа кінотеатрів Сінема Сіті. Програма Лояльності Cinema Cashback. Повертаємо 3% від вартості квитка. Сінема Сіті Київ, ТРЦ Ocean Plaza.\r\nМережа кінотеатрів Сінема Сіті. Програма Лояльності Cinema Cashback. Повертаємо 3% від вартості квитка. Сінема Сіті Київ, ТРЦ Ocean Plaza.\r\nМережа кінотеатрів Сінема Сіті. Програма Лояльності Cinema Cashback. Повертаємо 3% від вартості квитка. Сінема Сіті Київ, ТРЦ Ocean Plaza.\r\nМережа кінотеатрів Сінема Сіті. Програма Лояльності Cinema Cashback. Повертаємо 3% від вартості квитка. Сінема Сіті Київ, ТРЦ Ocean Plaza.\r\nМережа кінотеатрів Сінема Сіті. Програма Лояльності Cinema Cashback. Повертаємо 3% від вартості квитка. Сінема Сіті Київ, ТРЦ Ocean Plaza.\r\nМережа кінотеатрів Сінема Сіті. Програма Лояльності Cinema Cashback. Повертаємо 3% від вартості квитка. Сінема Сіті Київ, ТРЦ Ocean Plaza.\r\nМережа кінотеатрів Сінема Сіті. Програма Лояльності Cinema Cashback. Повертаємо 3% від вартості квитка. Сінема Сіті Київ, ТРЦ Ocean Plaza.\r\nМережа кінотеатрів Сінема Сіті. Програма Лояльності Cinema Cashback. Повертаємо 3% від вартості квитка. Сінема Сіті Київ, ТРЦ Ocean Plaza.\r\nМережа кінотеатрів Сінема Сіті. Програма Лояльності Cinema Cashback. Повертаємо 3% від вартості квитка. Сінема Сіті Київ, ТРЦ Ocean Plaza.\r\nМережа кінотеатрів Сінема Сіті. Програма Лояльності Cinema Cashback. Повертаємо 3% від вартості квитка. Сінема Сіті Київ, ТРЦ Ocean Plaza.", "main_picture": "gallery/cinemacity_topbanner_R0aOxfi.jpg", "date_created": "2022-05-13", "contact": null, "seo": 203, "is_base": true, "is_main": false, "is_contact": false, "images": [439, 440, 495]}}, {"model": "main.page", "pk": 9, "fields": {"status": false, "telephone1": null, "telephone2": null, "seo_text": null, "seo_text_ru": null, "seo_text_uk": null, "name": "Детская комната", "name_ru": "Детская комната", "name_uk": "Дитяча кімната", "description": "В ТЦ работают не только магазины и кафе, но и детский развлекательный центр \"Игроленд\", кинотеатр \"Синема сити\", 10D и 5D кинотеатры.\r\nВ ТЦ работают не только магазины и кафе, но и детский развлекательный центр \"Игроленд\", кинотеатр \"Синема сити\", 10D и 5D кинотеатры.\r\nВ ТЦ работают не только магазины и кафе, но и детский развлекательный центр \"Игроленд\", кинотеатр \"Синема сити\", 10D и 5D кинотеатры.\r\nВ ТЦ работают не только магазины и кафе, но и детский развлекательный центр \"Игроленд\", кинотеатр \"Синема сити\", 10D и 5D кинотеатры.\r\nВ ТЦ работают не только магазины и кафе, но и детский развлекательный центр \"Игроленд\", кинотеатр \"Синема сити\", 10D и 5D кинотеатры.\r\nВ ТЦ работают не только магазины и кафе, но и детский развлекательный центр \"Игроленд\", кинотеатр \"Синема сити\", 10D и 5D кинотеатры.\r\nВ ТЦ работают не только магазины и кафе, но и детский развлекательный центр \"Игроленд\", кинотеатр \"Синема сити\", 10D и 5D кинотеатры.\r\nВ ТЦ работают не только магазины и кафе, но и детский развлекательный центр \"Игроленд\", кинотеатр \"Синема сити\", 10D и 5D кинотеатры.\r\nВ ТЦ работают не только магазины и кафе, но и детский развлекательный центр \"Игроленд\", кинотеатр \"Синема сити\", 10D и 5D кинотеатры.\r\nВ ТЦ работают не только магазины и кафе, но и детский развлекательный центр \"Игроленд\", кинотеатр \"Синема сити\", 10D и 5D кинотеатры.", "description_ru": "В ТЦ работают не только магазины и кафе, но и детский развлекательный центр \"Игроленд\", кинотеатр \"Синема сити\", 10D и 5D кинотеатры.\r\nВ ТЦ работают не только магазины и кафе, но и детский развлекательный центр \"Игроленд\", кинотеатр \"Синема сити\", 10D и 5D кинотеатры.\r\nВ ТЦ работают не только магазины и кафе, но и детский развлекательный центр \"Игроленд\", кинотеатр \"Синема сити\", 10D и 5D кинотеатры.\r\nВ ТЦ работают не только магазины и кафе, но и детский развлекательный центр \"Игроленд\", кинотеатр \"Синема сити\", 10D и 5D кинотеатры.\r\nВ ТЦ работают не только магазины и кафе, но и детский развлекательный центр \"Игроленд\", кинотеатр \"Синема сити\", 10D и 5D кинотеатры.\r\nВ ТЦ работают не только магазины и кафе, но и детский развлекательный центр \"Игроленд\", кинотеатр \"Синема сити\", 10D и 5D кинотеатры.\r\nВ ТЦ работают не только магазины и кафе, но и детский развлекательный центр \"Игроленд\", кинотеатр \"Синема сити\", 10D и 5D кинотеатры.\r\nВ ТЦ работают не только магазины и кафе, но и детский развлекательный центр \"Игроленд\", кинотеатр \"Синема сити\", 10D и 5D кинотеатры.\r\nВ ТЦ работают не только магазины и кафе, но и детский развлекательный центр \"Игроленд\", кинотеатр \"Синема сити\", 10D и 5D кинотеатры.\r\nВ ТЦ работают не только магазины и кафе, но и детский развлекательный центр \"Игроленд\", кинотеатр \"Синема сити\", 10D и 5D кинотеатры.", "description_uk": "У ТЦ працюють не лише магазини та кафе, а й дитячий розважальний центр \"Ігроленд\", кінотеатр \"Сінема сіті\", 10D та 5D кінотеатри.\r\nУ ТЦ працюють не лише магазини та кафе, а й дитячий розважальний центр \"Ігроленд\", кінотеатр \"Сінема сіті\", 10D та 5D кінотеатри.\r\nУ ТЦ працюють не лише магазини та кафе, а й дитячий розважальний центр \"Ігроленд\", кінотеатр \"Сінема сіті\", 10D та 5D кінотеатри.\r\nУ ТЦ працюють не лише магазини та кафе, а й дитячий розважальний центр \"Ігроленд\", кінотеатр \"Сінема сіті\", 10D та 5D кінотеатри.\r\nУ ТЦ працюють не лише магазини та кафе, а й дитячий розважальний центр \"Ігроленд\", кінотеатр \"Сінема сіті\", 10D та 5D кінотеатри.\r\nУ ТЦ працюють не лише магазини та кафе, а й дитячий розважальний центр \"Ігроленд\", кінотеатр \"Сінема сіті\", 10D та 5D кінотеатри.\r\nУ ТЦ працюють не лише магазини та кафе, а й дитячий розважальний центр \"Ігроленд\", кінотеатр \"Сінема сіті\", 10D та 5D кінотеатри.\r\nУ ТЦ працюють не лише магазини та кафе, а й дитячий розважальний центр \"Ігроленд\", кінотеатр \"Сінема сіті\", 10D та 5D кінотеатри.\r\nУ ТЦ працюють не лише магазини та кафе, а й дитячий розважальний центр \"Ігроленд\", кінотеатр \"Сінема сіті\", 10D та 5D кінотеатри.\r\nУ ТЦ працюють не лише магазини та кафе, а й дитячий розважальний центр \"Ігроленд\", кінотеатр \"Сінема сіті\", 10D та 5D кінотеатри.", "main_picture": "gallery/city2_Zr0TUkA.jpg", "date_created": "2022-05-13", "contact": null, "seo": 204, "is_base": true, "is_main": false, "is_contact": false, "images": [441, 442, 494]}}, {"model": "main.page", "pk": 10, "fields": {"status": false, "telephone1": null, "telephone2": null, "seo_text": "", "seo_text_ru": "", "seo_text_uk": null, "name": "Новая страница2", "name_ru": "Новая страница2", "name_uk": "Новая страница2", "description": "Новая страница2Новая страница2Новая страница2", "description_ru": "Новая страница2Новая страница2Новая страница2", "description_uk": "Новая страница2Новая страница2Новая страница2", "main_picture": "gallery/hall2_Uam2Wis.jpg", "date_created": "2022-05-13", "contact": null, "seo": 205, "is_base": false, "is_main": false, "is_contact": false, "images": [443]}}, {"model": "main.page", "pk": 11, "fields": {"status": false, "telephone1": null, "telephone2": null, "seo_text": "", "seo_text_ru": "", "seo_text_uk": null, "name": "Новая страница3", "name_ru": "Новая страница3", "name_uk": "Новая страница3", "description": "Новая страница3Новая страница3Новая страница3", "description_ru": "Новая страница3Новая страница3Новая страница3", "description_uk": "Новая страница3Новая страница3Новая страница3", "main_picture": "gallery/first1_3J2ddxm.jpeg", "date_created": "2022-05-13", "contact": null, "seo": 206, "is_base": false, "is_main": false, "is_contact": false, "images": [444]}}, {"model": "main.carousel", "pk": 1, "fields": {"status": true, "speed": 5000, "is_main": true}}, {"model": "main.carousel", "pk": 2, "fields": {"status": true, "speed": 10000, "is_main": false}}, {"model": "main.slide", "pk": 34, "fields": {"image": "gallery/thor4.jpg", "url": "https://www.youtube.com/watch?v=2Vo1UCGqxRY&t=37s", "text": "Thor: Love and Thunder", "is_main": true}}, {"model": "main.slide", "pk": 44, "fields": {"image": "gallery/DS2.jpg", "url": "https://www.youtube.com/watch?v=V3n1ucquH3Q", "text": "Doctor Strange in the Multiverse of Madness", "is_main": true}}, {"model": "main.slide", "pk": 47, "fields": {"image": "gallery/Coca.jpg", "url": "https://www.youtube.com/watch?v=bxwt6TvNxas", "text": null, "is_main": false}}, {"model": "main.slide", "pk": 48, "fields": {"image": "gallery/angelina.jpg", "url": "https://www.youtube.com/watch?v=bxwt6TvNxas", "text": null, "is_main": false}}, {"model": "main.slide", "pk": 50, "fields": {"image": "gallery/Morbius.jpg", "url": "https://www.youtube.com/watch?v=JtXrTId9C4w", "text": "Morbius", "is_main": true}}, {"model": "main.slide", "pk": 51, "fields": {"image": "gallery/pit.jpg", "url": "https://happycinema.ro/", "text": null, "is_main": false}}, {"model": "main.slide", "pk": 53, "fields": {"image": "gallery/imgonline-com-ua-Resize-llP0XHEccAgHfEGg.jpg", "url": "https://www.youtube.com/watch?v=bxwt6TvNxas", "text": "Spider-Man: No Way Home", "is_main": true}}, {"model": "main.slide", "pk": 54, "fields": {"image": "gallery/blade.jpg", "url": "https://www.youtube.com/watch?v=bxwt6TvNxas", "text": "Mahershala Ali's Blade", "is_main": true}}, {"model": "main.banner", "pk": 2, "fields": {"is_photo_bg": true, "photo": "gallery/test.jpg"}}, {"model": "main.session", "pk": 1, "fields": {"hall": 2, "film": 143, "time": "2022-06-20T15:00:00Z", "cost": 65}}, {"model": "main.session", "pk": 4, "fields": {"hall": 14, "film": 141, "time": "2022-06-20T11:00:00Z", "cost": 65}}, {"model": "main.session", "pk": 5, "fields": {"hall": 8, "film": 142, "time": "2022-06-20T17:00:00Z", "cost": 65}}, {"model": "main.session", "pk": 6, "fields": {"hall": 9, "film": 94, "time": "2022-06-20T07:00:00Z", "cost": 85}}, {"model": "main.session", "pk": 7, "fields": {"hall": 14, "film": 140, "time": "2022-06-20T09:00:00Z", "cost": 65}}, {"model": "main.session", "pk": 8, "fields": {"hall": 2, "film": 144, "time": "2022-06-20T12:00:00Z", "cost": 85}}, {"model": "main.session", "pk": 9, "fields": {"hall": 4, "film": 144, "time": "2022-06-20T16:00:00Z", "cost": 65}}, {"model": "main.session", "pk": 11, "fields": {"hall": 8, "film": 144, "time": "2022-06-21T08:00:00Z", "cost": 65}}, {"model": "main.session", "pk": 12, "fields": {"hall": 2, "film": 139, "time": "2022-06-21T10:00:00Z", "cost": 75}}, {"model": "main.session", "pk": 13, "fields": {"hall": 3, "film": 145, "time": "2022-06-21T12:00:00Z", "cost": 75}}, {"model": "main.session", "pk": 14, "fields": {"hall": 9, "film": 140, "time": "2022-06-21T14:00:00Z", "cost": 85}}, {"model": "main.session", "pk": 15, "fields": {"hall": 4, "film": 145, "time": "2022-06-21T16:00:00Z", "cost": 85}}, {"model": "main.session", "pk": 16, "fields": {"hall": 14, "film": 141, "time": "2022-06-21T18:00:00Z", "cost": 75}}, {"model": "main.session", "pk": 17, "fields": {"hall": 8, "film": 140, "time": "2022-06-22T08:00:00Z", "cost": 85}}, {"model": "main.session", "pk": 18, "fields": {"hall": 2, "film": 143, "time": "2022-06-22T10:00:00Z", "cost": 85}}, {"model": "main.session", "pk": 19, "fields": {"hall": 3, "film": 94, "time": "2022-06-22T12:00:00Z", "cost": 65}}, {"model": "main.session", "pk": 20, "fields": {"hall": 9, "film": 142, "time": "2022-06-22T14:00:00Z", "cost": 85}}, {"model": "main.session", "pk": 21, "fields": {"hall": 4, "film": 142, "time": "2022-06-22T16:00:00Z", "cost": 65}}, {"model": "main.session", "pk": 22, "fields": {"hall": 14, "film": 142, "time": "2022-06-22T18:00:00Z", "cost": 75}}, {"model": "main.session", "pk": 23, "fields": {"hall": 8, "film": 94, "time": "2022-06-23T08:00:00Z", "cost": 75}}, {"model": "main.session", "pk": 24, "fields": {"hall": 2, "film": 142, "time": "2022-06-23T10:00:00Z", "cost": 75}}, {"model": "main.session", "pk": 25, "fields": {"hall": 3, "film": 142, "time": "2022-06-23T12:00:00Z", "cost": 85}}, {"model": "main.session", "pk": 26, "fields": {"hall": 9, "film": 145, "time": "2022-06-23T14:00:00Z", "cost": 75}}, {"model": "main.session", "pk": 27, "fields": {"hall": 4, "film": 144, "time": "2022-06-23T16:00:00Z", "cost": 85}}, {"model": "main.session", "pk": 28, "fields": {"hall": 14, "film": 144, "time": "2022-06-23T18:00:00Z", "cost": 75}}, {"model": "main.session", "pk": 29, "fields": {"hall": 8, "film": 139, "time": "2022-06-24T08:00:00Z", "cost": 75}}, {"model": "main.session", "pk": 30, "fields": {"hall": 2, "film": 143, "time": "2022-06-24T10:00:00Z", "cost": 85}}, {"model": "main.session", "pk": 31, "fields": {"hall": 3, "film": 142, "time": "2022-06-24T12:00:00Z", "cost": 75}}, {"model": "main.session", "pk": 32, "fields": {"hall": 9, "film": 141, "time": "2022-06-24T14:00:00Z", "cost": 65}}, {"model": "main.session", "pk": 33, "fields": {"hall": 4, "film": 140, "time": "2022-06-24T16:00:00Z", "cost": 75}}, {"model": "main.session", "pk": 34, "fields": {"hall": 14, "film": 140, "time": "2022-06-24T18:00:00Z", "cost": 85}}, {"model": "main.session", "pk": 35, "fields": {"hall": 8, "film": 142, "time": "2022-06-25T08:00:00Z", "cost": 85}}, {"model": "main.session", "pk": 36, "fields": {"hall": 2, "film": 144, "time": "2022-06-25T10:00:00Z", "cost": 65}}, {"model": "main.session", "pk": 37, "fields": {"hall": 3, "film": 142, "time": "2022-06-25T12:00:00Z", "cost": 85}}, {"model": "main.session", "pk": 38, "fields": {"hall": 9, "film": 143, "time": "2022-06-25T14:00:00Z", "cost": 85}}, {"model": "main.session", "pk": 39, "fields": {"hall": 4, "film": 2, "time": "2022-06-25T16:00:00Z", "cost": 65}}, {"model": "main.session", "pk": 40, "fields": {"hall": 14, "film": 143, "time": "2022-06-25T18:00:00Z", "cost": 75}}, {"model": "main.session", "pk": 41, "fields": {"hall": 8, "film": 2, "time": "2022-06-26T08:00:00Z", "cost": 85}}, {"model": "main.session", "pk": 42, "fields": {"hall": 2, "film": 144, "time": "2022-06-26T10:00:00Z", "cost": 85}}, {"model": "main.session", "pk": 43, "fields": {"hall": 3, "film": 139, "time": "2022-06-26T12:00:00Z", "cost": 65}}, {"model": "main.session", "pk": 44, "fields": {"hall": 9, "film": 139, "time": "2022-06-26T14:00:00Z", "cost": 85}}, {"model": "main.session", "pk": 45, "fields": {"hall": 4, "film": 139, "time": "2022-06-26T16:00:00Z", "cost": 85}}, {"model": "main.session", "pk": 46, "fields": {"hall": 14, "film": 143, "time": "2022-06-26T18:00:00Z", "cost": 85}}, {"model": "main.session", "pk": 47, "fields": {"hall": 8, "film": 141, "time": "2022-06-27T08:00:00Z", "cost": 75}}, {"model": "main.session", "pk": 48, "fields": {"hall": 2, "film": 2, "time": "2022-06-27T10:00:00Z", "cost": 75}}, {"model": "main.session", "pk": 49, "fields": {"hall": 3, "film": 145, "time": "2022-06-27T12:00:00Z", "cost": 85}}, {"model": "main.session", "pk": 50, "fields": {"hall": 9, "film": 142, "time": "2022-06-27T14:00:00Z", "cost": 65}}, {"model": "main.session", "pk": 51, "fields": {"hall": 4, "film": 141, "time": "2022-06-27T16:00:00Z", "cost": 65}}, {"model": "main.session", "pk": 52, "fields": {"hall": 14, "film": 143, "time": "2022-06-27T18:00:00Z", "cost": 65}}, {"model": "main.ticket", "pk": 242, "fields": {"sessions": 4, "user": 2, "place": "3", "row": "4", "status": true}}, {"model": "main.ticket", "pk": 243, "fields": {"sessions": 4, "user": 2, "place": "4", "row": "4", "status": true}}, {"model": "main.ticket", "pk": 244, "fields": {"sessions": 4, "user": 2, "place": "5", "row": "4", "status": true}}, {"model": "main.ticket", "pk": 245, "fields": {"sessions": 4, "user": 2, "place": "6", "row": "4", "status": true}}, {"model": "main.ticket", "pk": 246, "fields": {"sessions": 4, "user": 2, "place": "7", "row": "4", "status": true}}, {"model": "main.ticket", "pk": 247, "fields": {"sessions": 4, "user": 2, "place": "8", "row": "4", "status": true}}, {"model": "main.ticket", "pk": 248, "fields": {"sessions": 4, "user": 2, "place": "9", "row": "4", "status": true}}, {"model": "main.ticket", "pk": 249, "fields": {"sessions": 4, "user": 2, "place": "10", "row": "4", "status": true}}, {"model": "main.ticket", "pk": 250, "fields": {"sessions": 4, "user": 2, "place": "11", "row": "4", "status": true}}, {"model": "main.ticket", "pk": 251, "fields": {"sessions": 7, "user": 2, "place": "1", "row": "1", "status": true}}, {"model": "main.ticket", "pk": 252, "fields": {"sessions": 7, "user": 2, "place": "2", "row": "1", "status": true}}, {"model": "main.ticket", "pk": 253, "fields": {"sessions": 7, "user": 2, "place": "3", "row": "1", "status": true}}, {"model": "main.ticket", "pk": 254, "fields": {"sessions": 7, "user": 2, "place": "13", "row": "3", "status": true}}, {"model": "main.ticket", "pk": 255, "fields": {"sessions": 7, "user": 2, "place": "14", "row": "3", "status": true}}, {"model": "main.ticket", "pk": 256, "fields": {"sessions": 7, "user": 2, "place": "15", "row": "3", "status": true}}, {"model": "main.ticket", "pk": 257, "fields": {"sessions": 5, "user": 2, "place": "6", "row": "1", "status": true}}, {"model": "main.ticket", "pk": 258, "fields": {"sessions": 5, "user": 2, "place": "7", "row": "1", "status": true}}, {"model": "main.ticket", "pk": 259, "fields": {"sessions": 5, "user": 2, "place": "6", "row": "6", "status": true}}, {"model": "main.ticket", "pk": 260, "fields": {"sessions": 5, "user": 2, "place": "7", "row": "6", "status": true}}, {"model": "main.ticket", "pk": 261, "fields": {"sessions": 5, "user": 2, "place": "8", "row": "6", "status": true}}, {"model": "main.ticket", "pk": 262, "fields": {"sessions": 1, "user": 2, "place": "6", "row": "4", "status": true}}, {"model": "main.ticket", "pk": 263, "fields": {"sessions": 1, "user": 2, "place": "7", "row": "4", "status": true}}, {"model": "main.ticket", "pk": 264, "fields": {"sessions": 1, "user": 2, "place": "8", "row": "4", "status": true}}, {"model": "main.ticket", "pk": 265, "fields": {"sessions": 8, "user": 2, "place": "10", "row": "10", "status": true}}, {"model": "main.ticket", "pk": 266, "fields": {"sessions": 4, "user": 57, "place": "5", "row": "5", "status": true}}, {"model": "main.ticket", "pk": 267, "fields": {"sessions": 4, "user": 57, "place": "6", "row": "5", "status": true}}, {"model": "main.ticket", "pk": 268, "fields": {"sessions": 4, "user": 57, "place": "7", "row": "5", "status": true}}, {"model": "main.ticket", "pk": 269, "fields": {"sessions": 4, "user": 57, "place": "8", "row": "5", "status": true}}, {"model": "main.ticket", "pk": 270, "fields": {"sessions": 4, "user": 57, "place": "9", "row": "5", "status": true}}, {"model": "main.ticket", "pk": 271, "fields": {"sessions": 7, "user": 57, "place": "2", "row": "10", "status": true}}, {"model": "main.ticket", "pk": 272, "fields": {"sessions": 7, "user": 57, "place": "3", "row": "10", "status": true}}, {"model": "main.ticket", "pk": 273, "fields": {"sessions": 7, "user": 57, "place": "18", "row": "10", "status": true}}, {"model": "main.ticket", "pk": 274, "fields": {"sessions": 7, "user": 57, "place": "19", "row": "10", "status": true}}, {"model": "main.ticket", "pk": 275, "fields": {"sessions": 5, "user": 57, "place": "6", "row": "4", "status": true}}, {"model": "main.ticket", "pk": 276, "fields": {"sessions": 5, "user": 57, "place": "7", "row": "4", "status": true}}, {"model": "main.ticket", "pk": 277, "fields": {"sessions": 5, "user": 57, "place": "8", "row": "4", "status": true}}, {"model": "main.ticket", "pk": 278, "fields": {"sessions": 1, "user": 57, "place": "7", "row": "2", "status": true}}, {"model": "main.ticket", "pk": 279, "fields": {"sessions": 1, "user": 57, "place": "8", "row": "2", "status": true}}, {"model": "main.ticket", "pk": 280, "fields": {"sessions": 8, "user": 57, "place": "11", "row": "10", "status": true}}, {"model": "main.ticket", "pk": 281, "fields": {"sessions": 8, "user": 57, "place": "12", "row": "10", "status": true}}, {"model": "main.mailing", "pk": 25, "fields": {"letter": "Премьера_фильма_1.html"}}, {"model": "main.mailing", "pk": 26, "fields": {"letter": "И_ещё_одна_тестовая_рассылка_3.html"}}, {"model": "main.mailing", "pk": 27, "fields": {"letter": "Не_успусти_свой_шанс_этим_летом.html"}}, {"model": "main.mailing", "pk": 28, "fields": {"letter": "Премьера_фильма_2.html"}}, {"model": "main.mailing", "pk": 29, "fields": {"letter": "Тестовая_рассылка_новостей_2.html"}}, {"model": "main.mailing", "pk": 30, "fields": {"letter": "Тестовая_рассылка_новостей_1.html"}}, {"model": "users.userprofile", "pk": 2, "fields": {"password": "pbkdf2_sha256$320000$pwGqE5RnB0sVhoham7WmKB$VEhXdg8xY1gPg4pkHf63uFfG3Thb0f/QUgLlzwD/K0M=", "last_login": "2022-06-20T12:55:53.932Z", "is_superuser": true, "email": "admin@example.com", "is_staff": true, "is_active": true, "date_joined": "2022-05-19", "first_name": "Иван", "last_name": "Иванов", "alias": "Vanekkk", "address": "ул. Пушкина 20", "card_number": "1111 2222 3333 4444", "is_ru": true, "is_male": true, "telephone": "066 666 66 66", "birth_date": "2000-05-20", "city": "Одесса", "groups": [], "user_permissions": []}}, {"model": "users.userprofile", "pk": 47, "fields": {"password": "pbkdf2_sha256$320000$s9y8Yz4tB9jY4q0aYogIb1$zr6MqH/FWH/Fr9uEavVC9zFjleBhKnPK2nt7uVZg0jU=", "last_login": "2022-05-24T10:02:20Z", "is_superuser": false, "email": "test10@gmail.com", "is_staff": false, "is_active": true, "date_joined": "2022-05-23", "first_name": "Николай", "last_name": "Ланецкий", "alias": "nakolka20", "address": null, "card_number": null, "is_ru": true, "is_male": true, "telephone": "+38 (50) 510 5151", "birth_date": "1975-05-13", "city": "Луганск", "groups": [], "user_permissions": []}}, {"model": "users.userprofile", "pk": 53, "fields": {"password": "pbkdf2_sha256$320000$qjIJ1fuUmAXcHgFS4RYtyU$KwO1lWz3FD1THOerlYdyVf0LkCUYErhWDXcz+eeMOKc=", "last_login": "2022-06-17T16:14:21.431Z", "is_superuser": false, "email": "test2@gmail.com", "is_staff": false, "is_active": true, "date_joined": "2022-05-23", "first_name": "Иван", "last_name": "Иванов", "alias": "Vanek22", "address": "ул. Пушкина 21", "card_number": "1233 1233 1233 1233", "is_ru": false, "is_male": true, "telephone": "+38 (50) 500 5050", "birth_date": "1980-05-13", "city": "Полтава", "groups": [], "user_permissions": []}}, {"model": "users.userprofile", "pk": 54, "fields": {"password": "pbkdf2_sha256$320000$NXwwrd8totzm3IONr0Uw95$WaitDOe1AQDVdD/MmydgLrhnbPQJ2gkYvPSiurWzwhY=", "last_login": "2022-05-24T17:32:12.853Z", "is_superuser": false, "email": "test1@gmail.com", "is_staff": false, "is_active": true, "date_joined": "2022-05-24", "first_name": "Пётр", "last_name": "Антонов", "alias": "thor9823", "address": "ул. Пушкина 22", "card_number": "1233 1233 1233 1233", "is_ru": true, "is_male": true, "telephone": "+38 (50) 100 1010", "birth_date": "1967-05-05", "city": "Херсон", "groups": [], "user_permissions": []}}, {"model": "users.userprofile", "pk": 55, "fields": {"password": "pbkdf2_sha256$320000$I9pgsKGDEMBdrJMdWF3DLn$j2uzw1p71I0U1NuNqhEfVYDkBdl9XJ7dFGTTkqIcnWw=", "last_login": "2022-05-24T09:50:53Z", "is_superuser": false, "email": "test3@gmail.com", "is_staff": false, "is_active": true, "date_joined": "2022-05-24", "first_name": "Коля", "last_name": "Колеев", "alias": "black_panter", "address": null, "card_number": null, "is_ru": true, "is_male": true, "telephone": "+38 (50) 200 2020", "birth_date": "1999-05-22", "city": "Одесса", "groups": [], "user_permissions": []}}, {"model": "users.userprofile", "pk": 56, "fields": {"password": "pbkdf2_sha256$320000$pnWd6NPy5mvecXk5iGfgV8$C2CxX2uoXQcA6sWN4nkCSeRhIO8Hc9WtJGZTznNgqEM=", "last_login": "2022-05-24T09:52:36Z", "is_superuser": false, "email": "test4@gmail.com", "is_staff": false, "is_active": true, "date_joined": "2022-05-24", "first_name": "Максим", "last_name": "Чернов", "alias": "iron_man", "address": null, "card_number": null, "is_ru": true, "is_male": true, "telephone": "+38 (50) 300 3030", "birth_date": "1997-05-07", "city": "Днепр", "groups": [], "user_permissions": []}}, {"model": "users.userprofile", "pk": 57, "fields": {"password": "pbkdf2_sha256$320000$R3mb26LUPqZxXwMQFA2tab$IkwGxm5zBubv84YDZzVIroYL8Legq2Ie2vXsXe4v16Q=", "last_login": "2022-06-20T12:54:11.178Z", "is_superuser": false, "email": "test5@gmail.com", "is_staff": false, "is_active": true, "date_joined": "2022-05-24", "first_name": "Анна", "last_name": "Анюткина", "alias": "spider1", "address": null, "card_number": null, "is_ru": true, "is_male": false, "telephone": "+38 (50) 550 5555", "birth_date": "2002-03-10", "city": "Харьков", "groups": [], "user_permissions": []}}, {"model": "users.userprofile", "pk": 58, "fields": {"password": "pbkdf2_sha256$320000$o9kWiEOf74ywTivSgg1E6U$EMFPrQF0Iru99IP6yYzp+bo8eqp5I/bbc0jeBXSG4+0=", "last_login": "2022-05-24T09:55:33Z", "is_superuser": false, "email": "test6@gmail.com", "is_staff": false, "is_active": true, "date_joined": "2022-05-24", "first_name": "Евгения", "last_name": "Рябова", "alias": "hulk123", "address": null, "card_number": null, "is_ru": true, "is_male": false, "telephone": "+38 (99) 600 6060", "birth_date": "2001-11-17", "city": "Одесса", "groups": [], "user_permissions": []}}, {"model": "users.userprofile", "pk": 59, "fields": {"password": "pbkdf2_sha256$320000$IP1ZEnNwrH78IWUxGlhFoK$MMw0AOpyLULwvtntQRLFTejd+lhzrf8xVMq4m5mO8Ko=", "last_login": "2022-05-24T09:57:29Z", "is_superuser": false, "email": "test7@gmail.com", "is_staff": false, "is_active": true, "date_joined": "2022-05-24", "first_name": "Олег", "last_name": "Бобров", "alias": "star_lord", "address": null, "card_number": null, "is_ru": true, "is_male": true, "telephone": "+38 (66) 700 7750", "birth_date": "1980-10-24", "city": "Кировоград", "groups": [], "user_permissions": []}}, {"model": "users.userprofile", "pk": 60, "fields": {"password": "pbkdf2_sha256$320000$YLlKUa4WzjbW78S4AhI4wv$DOBUCU8d+5jgVsvkAiBcAjnQYLKchTnEMxM9193xnPA=", "last_login": "2022-05-24T12:32:07.138Z", "is_superuser": false, "email": "test8@gmail.com", "is_staff": false, "is_active": true, "date_joined": "2022-05-24", "first_name": "Елена", "last_name": "Ромашкина", "alias": "draks", "address": null, "card_number": null, "is_ru": true, "is_male": false, "telephone": "+38 (50) 888 5080", "birth_date": "2000-05-21", "city": "Суммы", "groups": [], "user_permissions": []}}, {"model": "users.userprofile", "pk": 61, "fields": {"password": "pbkdf2_sha256$320000$hej1Ob20XdMcvSD5JLhRLP$EEdy+1838BK4clfMAocdINmNLGtaGLrm/mD0E+eQRd0=", "last_login": "2022-05-24T10:01:29Z", "is_superuser": false, "email": "test9@gmail.com", "is_staff": false, "is_active": true, "date_joined": "2022-05-24", "first_name": "Аня", "last_name": "Самсий", "alias": "lucky_girl", "address": null, "card_number": null, "is_ru": true, "is_male": false, "telephone": "+38 (95) 595 5959", "birth_date": "1998-07-24", "city": "Винница", "groups": [], "user_permissions": []}}, {"model": "users.userprofile", "pk": 65, "fields": {"password": "pbkdf2_sha256$320000$7kZbfOY4k8AquBpHi0HOmS$omjsF+/ds0IOYTd6UxP2VIvv8SpJDSPQYlUqPOJGBpo=", "last_login": "2022-05-30T10:27:50.862Z", "is_superuser": false, "email": "test11@gmail.com", "is_staff": false, "is_active": true, "date_joined": "2022-05-30", "first_name": "Таня", "last_name": "Муркина", "alias": "thor_djain", "address": null, "card_number": null, "is_ru": true, "is_male": false, "telephone": "+38 (66) 111 1010", "birth_date": "1989-05-13", "city": "Суммы", "groups": [], "user_permissions": []}}, {"model": "users.userprofile", "pk": 66, "fields": {"password": "pbkdf2_sha256$320000$xI9BfIWBIbHSAJWy65PJSI$APz+6UcwY7bVz2x3saKuLLZA+oNaz75KK+fFiMaN0vc=", "last_login": "2022-06-01T13:06:37.438Z", "is_superuser": false, "email": "kalaficzkij@ukr.net", "is_staff": false, "is_active": true, "date_joined": "2022-05-31", "first_name": "Артём", "last_name": "Калафицкий", "alias": "artem", "address": null, "card_number": null, "is_ru": true, "is_male": true, "telephone": "+38 (95) 563 4294", "birth_date": "1999-10-02", "city": "Одесса", "groups": [], "user_permissions": []}}, {"model": "users.userprofile", "pk": 67, "fields": {"password": "pbkdf2_sha256$320000$MxYLPPK4NqyOtXPWknrm26$cj3GJUb/GJeqIkjbyEouEUj0l3dWhWn01Ch3Rrvblgs=", "last_login": null, "is_superuser": false, "email": "kalafickijartem@gmail.com", "is_staff": false, "is_active": true, "date_joined": "2022-06-03", "first_name": "Артём", "last_name": "Иванович", "alias": "artem_original", "address": null, "card_number": null, "is_ru": true, "is_male": true, "telephone": "+38 (50) 570 5757", "birth_date": "1999-10-02", "city": "Одесса", "groups": [], "user_permissions": []}}, {"model": "users.userprofile", "pk": 68, "fields": {"password": "pbkdf2_sha256$320000$Psntz93htL0K3sK8BBCwQY$/6ok73AJhCJgtdSXF1Expna+yzR/KUgWtMl4BNIF940=", "last_login": null, "is_superuser": false, "email": "fanatmarvel6@gmail.com", "is_staff": false, "is_active": true, "date_joined": "2022-06-06", "first_name": "Владислав", "last_name": "Ивлеев", "alias": "vladvel", "address": null, "card_number": null, "is_ru": true, "is_male": true, "telephone": "", "birth_date": null, "city": "", "groups": [], "user_permissions": []}}, {"model": "users.userprofile", "pk": 69, "fields": {"password": "pbkdf2_sha256$320000$dRCbseYhebxiK8q4cwLjjQ$bRvtxeIGdTcbDvTxaTc21BcU1hQkaZGLoMUNmAh45o8=", "last_login": null, "is_superuser": false, "email": "irinakalafickaia@gmail.com", "is_staff": false, "is_active": true, "date_joined": "2022-06-06", "first_name": "Ирина", "last_name": "Ивановa", "alias": "irinka", "address": null, "card_number": null, "is_ru": true, "is_male": false, "telephone": "", "birth_date": null, "city": "", "groups": [], "user_permissions": []}}, {"model": "sessions.session", "pk": "0t8k1iwfhnrt76pxdfm5bayok9twwkkp", "fields": {"session_data": ".eJxVjEEOwiAQRe_C2hBhhgIu3fcMBJhRqgaS0q6MdzckXej2v_f-W4S4byXsndewkLgILU6_W4r5yXUAesR6bzK3uq1LkkORB-1ybsSv6-H-HZTYy6g1YNaob-BiIndOmRUZC9ajJzUBskrOOEeM3iiDgIkBUFvSTtHE4vMF0d83HA:1ns1Fr:gYgM2o236bLThRiRaoWnoeFgOCpp1_2f0KkSqaiXBDw", "expire_date": "2022-06-03T11:57:15.027Z"}}, {"model": "sessions.session", "pk": "2fyzey3e59kq4oiq7jtjq83vybyyym2e", "fields": {"session_data": ".eJxVjMEOwiAQRP-FsyFsgUo9evcbyC672KqBpLQn47_bJj3obTLvzbxVxHUZ49pkjhOri_JWnX5LwvSUshN-YLlXnWpZ5on0ruiDNn2rLK_r4f4djNjGbR0GsRkMdpCQO78l4UQOCdAGPvfUE5AloYENeG96nzOI4wxAOVinPl8ndzjR:1nuaLW:fXIsTyS1aljCVsoiCvo5FaaIDFBSNenP9XjLm2s5T2I", "expire_date": "2022-06-10T13:49:42.232Z"}}, {"model": "sessions.session", "pk": "2kdsjgol5qnpaxw80hr0192zdafxgnkr", "fields": {"session_data": ".eJxVjMEOwiAQRP-FsyFsgUo9evcbyC672KqBpLQn47_bJj3obTLvzbxVxHUZ49pkjhOri_JWnX5LwvSUshN-YLlXnWpZ5on0ruiDNn2rLK_r4f4djNjGbR0GsRkMdpCQO78l4UQOCdAGPvfUE5AloYENeG96nzOI4wxAOVinPl8ndzjR:1o2Dci:7t3ke17xRz74XzmUHmKCdq3bjxEnqwSuKIVTQdGdtgw", "expire_date": "2022-07-01T15:11:00.209Z"}}, {"model": "sessions.session", "pk": "5dgf0ug9mhh88w1lpsf561xwyjh2gkq1", "fields": {"session_data": "e30:1nuWZY:yVMt_dv73cWJBahARko1redbIYGBb-SKqoI0pFp9NB4", "expire_date": "2022-06-10T09:47:56.685Z"}}, {"model": "sessions.session", "pk": "9nnl3cqx5bmekc0wbqnytsvwat2ib1sd", "fields": {"session_data": ".eJxVjEEOwiAURO_C2hBAfgGX7j0Dgc9HqgaS0q6Md5cmXehy5r2ZN_NhW4vfOi1-TuzC4MxOv2UM-KS6k_QI9d44trouc-S7wg_a-a0lel0P9--ghF7G2rjJRpWcMFIKmTVYaSbAEQUq1BIMWUAaAjkZEgilSOSonXExJyT2-QLToDd9:1nuYNo:NycFuw3HBHp1RlLBao0HI1doDcGpVpQhRMYHqMrNV7A", "expire_date": "2022-06-10T11:43:56.084Z"}}, {"model": "sessions.session", "pk": "annmtupxb34ifc62tfjh0lk6kbfns86x", "fields": {"session_data": ".eJxVjEEOwiAQRe_C2hDoQAWX7nsGMjMMUjVtUtqV8e7apAvd_vfef6mE21rT1mRJY1YXZdXpdyPkh0w7yHecbrPmeVqXkfSu6IM2PcxZntfD_Tuo2Oq3pux6FjhzsV3vhMU6iVF646AYih59IMhEgKFg5FiiOGPBEwN0Jhj1_gD-2jgv:1nlXVC:GtPPenojLoXnzsX1L3rOUZbxYB14UyM8fFzbbhOeEl8", "expire_date": "2022-05-16T14:58:18.361Z"}}, {"model": "sessions.session", "pk": "cbak7k3zohi40ty6lw9wvf5pt5ie6q6d", "fields": {"session_data": ".eJxVjEEOwiAQRe_C2hDaAgWX7nsGMjMMUjWQlHZlvLtt0oVu_3vvv0WAbc1ha7yEOYqr6MXld0OgJ5cDxAeUe5VUy7rMKA9FnrTJqUZ-3U737yBDy3udiAkAe2dZd5oMJAaL4BW4ZPxgnFaII4Ch6Do1slaWPO6ysQMna8TnCxveOMI:1nw2IU:AIL654oWo7PB_mjrbBRB6qN6Cet2gVIUT8CdGbfWD3E", "expire_date": "2022-06-14T13:52:34.742Z"}}, {"model": "sessions.session", "pk": "chxlsuzyosdby30wqolsdk950o558l91", "fields": {"session_data": ".eJxVjEEOwiAQRe_C2hDoQAWX7nsGMjMMUjVtUtqV8e7apAvd_vfef6mE21rT1mRJY1YXZdXpdyPkh0w7yHecbrPmeVqXkfSu6IM2PcxZntfD_Tuo2Oq3pux6FjhzsV3vhMU6iVF646AYih59IMhEgKFg5FiiOGPBEwN0Jhj1_gD-2jgv:1nls4j:4leMSB4_fFRRS8eiCH_chAqrO12poUGjVO1Ha0OYz7o", "expire_date": "2022-05-17T12:56:21.272Z"}}, {"model": "sessions.session", "pk": "ckybbc5i91fozd9v546x9w97rlyxzhcv", "fields": {"session_data": ".eJxVjEEOwiAQRe_C2hDaAgWX7nsGMjMMUjWQlHZlvLtt0oVu_3vvv0WAbc1ha7yEOYqr6MXld0OgJ5cDxAeUe5VUy7rMKA9FnrTJqUZ-3U737yBDy3udiAkAe2dZd5oMJAaL4BW4ZPxgnFaII4Ch6Do1slaWPO6ysQMna8TnCxveOMI:1nwlMj:EucVCvGVxh9hDsJI7rC8carPPruUYW1gLKrylZF419k", "expire_date": "2022-06-16T13:59:57.856Z"}}, {"model": "sessions.session", "pk": "e91n9r8dbhkgqlmfiklfah4adfuv9fpj", "fields": {"session_data": ".eJxVjEEOwiAQRe_C2hDoQAWX7nsGMjMMUjVtUtqV8e7apAvd_vfef6mE21rT1mRJY1YXZdXpdyPkh0w7yHecbrPmeVqXkfSu6IM2PcxZntfD_Tuo2Oq3pux6FjhzsV3vhMU6iVF646AYih59IMhEgKFg5FiiOGPBEwN0Jhj1_gD-2jgv:1nlaOq:1Dx-KbuKPMt__3gT6RPGbdzx_xyqFlJM2CYdeLT6Ca8", "expire_date": "2022-05-16T18:03:56.137Z"}}, {"model": "sessions.session", "pk": "eu8tmb3x2h28e43jjdp2tr76h1hxwxmf", "fields": {"session_data": ".eJxVjMEOwiAQRP-FsyFsgUo9evcbyC672KqBpLQn47_bJj3obTLvzbxVxHUZ49pkjhOri_JWnX5LwvSUshN-YLlXnWpZ5on0ruiDNn2rLK_r4f4djNjGbR0GsRkMdpCQO78l4UQOCdAGPvfUE5AloYENeG96nzOI4wxAOVinPl8ndzjR:1o2C6j:SWX3-qwP-8T9H_52IiS7RxJ4oVTjJ17uA50Rbwx26mk", "expire_date": "2022-07-01T13:33:53.104Z"}}, {"model": "sessions.session", "pk": "fqyjwtp78rwuc3jrkddj3pby7t0w7qs9", "fields": {"session_data": ".eJxVjEEOwiAQRe_C2hDaAgWX7nsGMjMMUjWQlHZlvLtt0oVu_3vvv0WAbc1ha7yEOYqr6MXld0OgJ5cDxAeUe5VUy7rMKA9FnrTJqUZ-3U737yBDy3udiAkAe2dZd5oMJAaL4BW4ZPxgnFaII4Ch6Do1slaWPO6ysQMna8TnCxveOMI:1nucZH:uCrBInOjKaJwx4J_bekghb0GQe0DEs_TMU0iaBfTOHg", "expire_date": "2022-06-10T16:12:03.625Z"}}, {"model": "sessions.session", "pk": "h391pb99uz5ad9dd9634jgwp7vtr7vl0", "fields": {"session_data": ".eJxVjEEOwiAQRe_C2hDoQAWX7nsGMjMMUjVtUtqV8e7apAvd_vfef6mE21rT1mRJY1YXZdXpdyPkh0w7yHecbrPmeVqXkfSu6IM2PcxZntfD_Tuo2Oq3pux6FjhzsV3vhMU6iVF646AYih59IMhEgKFg5FiiOGPBEwN0Jhj1_gD-2jgv:1nmG6q:erjTAerdBAuEPVUumYMhWNSLV6xhYZxqLmbw7vFmPfc", "expire_date": "2022-05-18T14:36:08.794Z"}}, {"model": "sessions.session", "pk": "ilelg57kusc8zxz7rzkasxvacvpxnld3", "fields": {"session_data": ".eJxVjEEOwiAQRe_C2hDaAgWX7nsGMjMMUjWQlHZlvLtt0oVu_3vvv0WAbc1ha7yEOYqr6MXld0OgJ5cDxAeUe5VUy7rMKA9FnrTJqUZ-3U737yBDy3udiAkAe2dZd5oMJAaL4BW4ZPxgnFaII4Ch6Do1slaWPO6ysQMna8TnCxveOMI:1nwR6z:lUd3nOujho5eDLt3oLTmzxM_DBzbbMuwAixogQhu8E0", "expire_date": "2022-06-15T16:22:21.289Z"}}, {"model": "sessions.session", "pk": "mmq40w6rdo6s7fvbaup96rdo19ni6tva", "fields": {"session_data": ".eJxVjMsOwiAQRf-FtSG8CuLSfb-BwDAjVQNJaVfGf1eSLnR7zzn3xULctxL2jmtYMrswxU6_W4rwwDpAvsd6axxa3dYl8aHwg3Y-t4zP6-H-HZTYy7fWUkjUkM-JhHZGknEekUADmUkYC6isE8qTkgDWSjSOJrCe4nCUZe8P4IU4Bg:1nuF7j:qQ9tFjl8qERpAAeptC_klwlfHrNw1rAEQ4V10cVO_6I", "expire_date": "2022-06-09T15:10:03.507Z"}}, {"model": "sessions.session", "pk": "nr7lyz5cwtki0fzhy5jysckw4gzan5n2", "fields": {"session_data": ".eJxVjEEOwiAQRe_C2hDoQAWX7nsGMjMMUjVtUtqV8e7apAvd_vfef6mE21rT1mRJY1YXZdXpdyPkh0w7yHecbrPmeVqXkfSu6IM2PcxZntfD_Tuo2Oq3pux6FjhzsV3vhMU6iVF646AYih59IMhEgKFg5FiiOGPBEwN0Jhj1_gD-2jgv:1nlp0g:MB1sr28xUIPPpMa5WTAV18qgBsXw7KbNny6f22gZqfE", "expire_date": "2022-05-17T09:39:58.536Z"}}, {"model": "sessions.session", "pk": "ns2lnkp0sh8zgy8e0p64vdda74m6wqnx", "fields": {"session_data": ".eJxVjMEOwiAQRP-FsyFsgUo9evcbyC672KqBpLQn47_bJj3obTLvzbxVxHUZ49pkjhOri_JWnX5LwvSUshN-YLlXnWpZ5on0ruiDNn2rLK_r4f4djNjGbR0GsRkMdpCQO78l4UQOCdAGPvfUE5AloYENeG96nzOI4wxAOVinPl8ndzjR:1o2Ec1:YjAMeGz-cmoMBFHQZjRpG1sZFZAzeiKZ4ONQGdt-qi0", "expire_date": "2022-07-01T16:14:21.531Z"}}, {"model": "sessions.session", "pk": "oie6d6m3xz77uorgsssfvahn2b84f83p", "fields": {"session_data": ".eJxVjEEOwiAQRe_C2hDoQAWX7nsGMjMMUjVtUtqV8e7apAvd_vfef6mE21rT1mRJY1YXZdXpdyPkh0w7yHecbrPmeVqXkfSu6IM2PcxZntfD_Tuo2Oq3pux6FjhzsV3vhMU6iVF646AYih59IMhEgKFg5FiiOGPBEwN0Jhj1_gD-2jgv:1nqtMI:--onYAw-D6GBjdPuQ9s3_KuYTCQ_oKYIdw3pGcnYADk", "expire_date": "2022-05-31T09:19:14.043Z"}}, {"model": "sessions.session", "pk": "ph0ucz3yneszc9zzbval8x6oj4exwd46", "fields": {"session_data": ".eJxVjEEOwiAQRe_C2hDoQAWX7nsGMjMMUjVtUtqV8e7apAvd_vfef6mE21rT1mRJY1YXZdXpdyPkh0w7yHecbrPmeVqXkfSu6IM2PcxZntfD_Tuo2Oq3pux6FjhzsV3vhMU6iVF646AYih59IMhEgKFg5FiiOGPBEwN0Jhj1_gD-2jgv:1nkU3D:bOkMGla0OBqJlEU3JptOOX_8_D63TmihNwwMHChSk9w", "expire_date": "2022-05-13T17:05:03.737Z"}}, {"model": "sessions.session", "pk": "ptzax55vhr7ebtacibstktzr0sbx4bbn", "fields": {"session_data": ".eJxVjEEOwiAURO_C2hBAfgGX7j0Dgc9HqgaS0q6Md5cmXehy5r2ZN_NhW4vfOi1-TuzC4MxOv2UM-KS6k_QI9d44trouc-S7wg_a-a0lel0P9--ghF7G2rjJRpWcMFIKmTVYaSbAEQUq1BIMWUAaAjkZEgilSOSonXExJyT2-QLToDd9:1nuYBW:4jyaq6SGv19XOy9kFztaQ7E8y2qUr0ytCCKurkLQhNw", "expire_date": "2022-06-10T11:31:14.706Z"}}, {"model": "sessions.session", "pk": "q3ewewwmpnk94obknz808wp82djsf4j2", "fields": {"session_data": ".eJxVjEEOwiAQRe_C2hDoQAWX7nsGMjMMUjVtUtqV8e7apAvd_vfef6mE21rT1mRJY1YXZdXpdyPkh0w7yHecbrPmeVqXkfSu6IM2PcxZntfD_Tuo2Oq3pux6FjhzsV3vhMU6iVF646AYih59IMhEgKFg5FiiOGPBEwN0Jhj1_gD-2jgv:1nqtFN:hv6ORNogoXgWgHOYEoORShHcSPX969ngTHhxAW7-OVc", "expire_date": "2022-05-31T09:12:05.292Z"}}, {"model": "sessions.session", "pk": "qm9qhx4l2rhzuiujynxjeblvqgtdd6gk", "fields": {"session_data": ".eJxVjMsOwiAQRf-FtSG8CuLSfb-BwDAjVQNJaVfGf1eSLnR7zzn3xULctxL2jmtYMrswxU6_W4rwwDpAvsd6axxa3dYl8aHwg3Y-t4zP6-H-HZTYy7fWUkjUkM-JhHZGknEekUADmUkYC6isE8qTkgDWSjSOJrCe4nCUZe8P4IU4Bg:1nuDye:mDLTF7CjCQCvWKMRsQXnGSHqWW2cWb7gI9Zj2beTRzE", "expire_date": "2022-06-09T13:56:36.808Z"}}, {"model": "sessions.session", "pk": "qsl79ll0mf2jurxvb2ohxofhswrx70a0", "fields": {"session_data": ".eJxVjEEOwiAQRe_C2hDaAgWX7nsGMjMMUjWQlHZlvLtt0oVu_3vvv0WAbc1ha7yEOYqr6MXld0OgJ5cDxAeUe5VUy7rMKA9FnrTJqUZ-3U737yBDy3udiAkAe2dZd5oMJAaL4BW4ZPxgnFaII4Ch6Do1slaWPO6ysQMna8TnCxveOMI:1nwKHv:ylgH5bvOhV3Yhu40_ahjev6Tifgw2PsvTHbrJQmM7dw", "expire_date": "2022-06-15T09:05:11.522Z"}}, {"model": "sessions.session", "pk": "r5phjpebvhj5n94axjj46b8ih27mhv1u", "fields": {"session_data": ".eJxVjEEOwiAQRe_C2hDoQAWX7nsGMjMMUjVtUtqV8e7apAvd_vfef6mE21rT1mRJY1YXZdXpdyPkh0w7yHecbrPmeVqXkfSu6IM2PcxZntfD_Tuo2Oq3pux6FjhzsV3vhMU6iVF646AYih59IMhEgKFg5FiiOGPBEwN0Jhj1_gD-2jgv:1npA3e:eX8lkPcQJQEElNjbVkNI2X02S0w-UZBdk_f_sM5eO6I", "expire_date": "2022-05-26T14:44:50.942Z"}}, {"model": "sessions.session", "pk": "s0maqblu0sv52vayo2num3020nmjx1uu", "fields": {"session_data": ".eJxVjEEOwiAQRe_C2hDoQAWX7nsGMjMMUjVtUtqV8e7apAvd_vfef6mE21rT1mRJY1YXZdXpdyPkh0w7yHecbrPmeVqXkfSu6IM2PcxZntfD_Tuo2Oq3pux6FjhzsV3vhMU6iVF646AYih59IMhEgKFg5FiiOGPBEwN0Jhj1_gD-2jgv:1nojWP:Vro-OI_Qeg4OsAmJsGCkaHyFsyvZJvYalLPFMWmaboc", "expire_date": "2022-05-25T10:24:45.040Z"}}, {"model": "sessions.session", "pk": "stpbnda2m8oie2i3y18cmas16oc604hm", "fields": {"session_data": ".eJxVjMEOwiAQRP-FsyFsgUo9evcbyC672KqBpLQn47_bJj3obTLvzbxVxHUZ49pkjhOri_JWnX5LwvSUshN-YLlXnWpZ5on0ruiDNn2rLK_r4f4djNjGbR0GsRkMdpCQO78l4UQOCdAGPvfUE5AloYENeG96nzOI4wxAOVinPl8ndzjR:1o2CAq:ZeKkLhsT1pwNSr2hK1kEVKGA6z6-X6_YTdSNpjgsqbY", "expire_date": "2022-07-01T13:38:08.925Z"}}, {"model": "sessions.session", "pk": "svry2qrvx7z3oq7ld28jdjysnr8mtupk", "fields": {"session_data": ".eJxVjMEOwiAQRP-FsyFsgUo9evcbyC672KqBpLQn47_bJj3obTLvzbxVxHUZ49pkjhOri_JWnX5LwvSUshN-YLlXnWpZ5on0ruiDNn2rLK_r4f4djNjGbR0GsRkMdpCQO78l4UQOCdAGPvfUE5AloYENeG96nzOI4wxAOVinPl8ndzjR:1o2Ck8:XNdvVgFMnMuneLet-J0_knLG6CFk0by1LNty8mfqELQ", "expire_date": "2022-07-01T14:14:36.095Z"}}, {"model": "sessions.session", "pk": "t7vsissvzr8xk2ntf7icbagys2xkpkub", "fields": {"session_data": ".eJxVjMEOwiAQRP-FsyFsgUo9evcbyC672KqBpLQn47_bJj3obTLvzbxVxHUZ49pkjhOri_JWnX5LwvSUshN-YLlXnWpZ5on0ruiDNn2rLK_r4f4djNjGbR0GsRkMdpCQO78l4UQOCdAGPvfUE5AloYENeG96nzOI4wxAOVinPl8ndzjR:1o2Blz:j4FwBNqzzxTdb7-mEZlT_a3lEsalHc_CkEnwFk01jrc", "expire_date": "2022-07-01T13:12:27.135Z"}}, {"model": "sessions.session", "pk": "tim3bw6oye6w7t6c5wc86yoizz8xwqpa", "fields": {"session_data": ".eJxVjMsOwiAQRf-FtSHAtDxcuvcbyAwMUjU0Ke3K-O_apAvd3nPOfYmI21rj1nmJUxZnYcTpdyNMD247yHdst1mmua3LRHJX5EG7vM6Zn5fD_Tuo2Ou3VhhIu-ASBwsYoIACHj0Xo5iInTdEhSEDU1GkgrXB-XHIyeOgWaN4fwDysjht:1o3Gwb:aYUdbqA3RLLdqDZGaZ_ONUu-y7DB2_GxE8U9HcicrVg", "expire_date": "2022-07-04T12:55:53.994Z"}}, {"model": "sessions.session", "pk": "tx7wnb91lz7ihedvwzeri3i2mu1ah0du", "fields": {"session_data": ".eJxVjEEOwiAQRe_C2hDoQAWX7nsGMjMMUjVtUtqV8e7apAvd_vfef6mE21rT1mRJY1YXZdXpdyPkh0w7yHecbrPmeVqXkfSu6IM2PcxZntfD_Tuo2Oq3pux6FjhzsV3vhMU6iVF646AYih59IMhEgKFg5FiiOGPBEwN0Jhj1_gD-2jgv:1nfOGD:iQR90dfuHawN--SvfC4-QU66yLHVs0SmCCLnYTi-3FI", "expire_date": "2022-04-29T15:53:25.307Z"}}, {"model": "sessions.session", "pk": "uqqm2oingikuuhs513hj1ca5uvmii0ek", "fields": {"session_data": ".eJxVjEEOwiAQRe_C2hDoQAWX7nsGMjMMUjVtUtqV8e7apAvd_vfef6mE21rT1mRJY1YXZdXpdyPkh0w7yHecbrPmeVqXkfSu6IM2PcxZntfD_Tuo2Oq3pux6FjhzsV3vhMU6iVF646AYih59IMhEgKFg5FiiOGPBEwN0Jhj1_gD-2jgv:1nlYv3:CwJHNKfNVJyYcKyvzGtYt-J_ysXSc8EUySG8VXEFLmg", "expire_date": "2022-05-16T16:29:05.372Z"}}, {"model": "sessions.session", "pk": "wkmvpqm4ryyskg1ucio8drqrq47eg51r", "fields": {"session_data": ".eJxVjMEOwiAQRP-FsyFsgUo9evcbyC672KqBpLQn47_bJj3obTLvzbxVxHUZ49pkjhOri_JWnX5LwvSUshN-YLlXnWpZ5on0ruiDNn2rLK_r4f4djNjGbR0GsRkMdpCQO78l4UQOCdAGPvfUE5AloYENeG96nzOI4wxAOVinPl8ndzjR:1o2BvK:24_820sOC0hySmJAT9pBUacJy95PrWHKOJpQakzYPK4", "expire_date": "2022-07-01T13:22:06.760Z"}}, {"model": "sessions.session", "pk": "wrxk2snpm8jrk7nj14fr48qvxgif587y", "fields": {"session_data": ".eJxVjEEOwiAQRe_C2hBhhgIu3fcMBJhRqgaS0q6MdzckXej2v_f-W4S4byXsndewkLgILU6_W4r5yXUAesR6bzK3uq1LkkORB-1ybsSv6-H-HZTYy6g1YNaob-BiIndOmRUZC9ajJzUBskrOOEeM3iiDgIkBUFvSTtHE4vMF0d83HA:1ntTi0:HRY3zPSUJQbUEBBG7X3VR0OszJIyXAdTgsM08o8XsMQ", "expire_date": "2022-06-07T12:32:20.442Z"}}, {"model": "sessions.session", "pk": "wwn5a6fn55vel34atn21qz0u62w6u32o", "fields": {"session_data": ".eJxVjEEOwiAURO_C2hBAfgGX7j0Dgc9HqgaS0q6Md5cmXehy5r2ZN_NhW4vfOi1-TuzC4MxOv2UM-KS6k_QI9d44trouc-S7wg_a-a0lel0P9--ghF7G2rjJRpWcMFIKmTVYaSbAEQUq1BIMWUAaAjkZEgilSOSonXExJyT2-QLToDd9:1nuYQR:cVhzSq4yENt1deCwu7TFpaI0SicdglGosJpDLWEgDtU", "expire_date": "2022-06-10T11:46:39.437Z"}}, {"model": "sessions.session", "pk": "x7iazqvt9i5re6l94m5eoel5u7j0l335", "fields": {"session_data": ".eJxVjMEOwiAQRP-FsyFsgUo9evcbyC672KqBpLQn47_bJj3obTLvzbxVxHUZ49pkjhOri_JWnX5LwvSUshN-YLlXnWpZ5on0ruiDNn2rLK_r4f4djNjGbR0GsRkMdpCQO78l4UQOCdAGPvfUE5AloYENeG96nzOI4wxAOVinPl8ndzjR:1o2Cby:RzkPNa_5N0H47ATyv7rZhJkF4uL1c0aC_cm3-F97TGw", "expire_date": "2022-07-01T14:06:10.927Z"}}, {"model": "sessions.session", "pk": "xmd32c9cv7mjfyrv9qwvnyyfan5k8535", "fields": {"session_data": ".eJxVjEEOwiAQRe_C2hBhhgIu3fcMBJhRqgaS0q6MdzckXej2v_f-W4S4byXsndewkLgILU6_W4r5yXUAesR6bzK3uq1LkkORB-1ybsSv6-H-HZTYy6g1YNaob-BiIndOmRUZC9ajJzUBskrOOEeM3iiDgIkBUFvSTtHE4vMF0d83HA:1ntYOX:hzUf4HgdyauadtnSPY6Q_aa5v6ilHo4zJhZQtfa6Xjk", "expire_date": "2022-06-07T17:32:33.284Z"}}, {"model": "sessions.session", "pk": "y6ge49xszf2nx5cdq8iosy8yby3a05jz", "fields": {"session_data": ".eJxVjEEOwiAQRe_C2hDoQAWX7nsGMjMMUjVtUtqV8e7apAvd_vfef6mE21rT1mRJY1YXZdXpdyPkh0w7yHecbrPmeVqXkfSu6IM2PcxZntfD_Tuo2Oq3pux6FjhzsV3vhMU6iVF646AYih59IMhEgKFg5FiiOGPBEwN0Jhj1_gD-2jgv:1nlXne:-SDrfEvgIjuc6lX-FPh8GAULnnmFkwktm0qBkOeIwug", "expire_date": "2022-05-16T15:17:22.261Z"}}, {"model": "sessions.session", "pk": "yertt2lotzlxvb7e9kzhwrr9qyg1wtmk", "fields": {"session_data": ".eJxVjEEOwiAQRe_C2hDoQAWX7nsGMjMMUjVtUtqV8e7apAvd_vfef6mE21rT1mRJY1YXZdXpdyPkh0w7yHecbrPmeVqXkfSu6IM2PcxZntfD_Tuo2Oq3pux6FjhzsV3vhMU6iVF646AYih59IMhEgKFg5FiiOGPBEwN0Jhj1_gD-2jgv:1noNME:6gVy1VmwYFV2xxPXZpS_YWr035qaupbSB5qdVYaoSjk", "expire_date": "2022-05-24T10:44:46.439Z"}}, {"model": "sessions.session", "pk": "yol2exagy71z08on1a5f8czep0cis2vn", "fields": {"session_data": ".eJxVjEEOwiAQRe_C2hDoQAWX7nsGMjMMUjVtUtqV8e7apAvd_vfef6mE21rT1mRJY1YXZdXpdyPkh0w7yHecbrPmeVqXkfSu6IM2PcxZntfD_Tuo2Oq3pux6FjhzsV3vhMU6iVF646AYih59IMhEgKFg5FiiOGPBEwN0Jhj1_gD-2jgv:1nlaEi:80hjnuT8HTo9yyNMfK4sWQW5PqExDlm6F2ncnDH49R0", "expire_date": "2022-05-16T17:53:28.699Z"}}, {"model": "sessions.session", "pk": "yr7zl1bd6636y13z2gq85mq5izj5iuqf", "fields": {"session_data": ".eJxVjEEOwiAQRe_C2hDoQAWX7nsGMjMMUjVtUtqV8e7apAvd_vfef6mE21rT1mRJY1YXZdXpdyPkh0w7yHecbrPmeVqXkfSu6IM2PcxZntfD_Tuo2Oq3pux6FjhzsV3vhMU6iVF646AYih59IMhEgKFg5FiiOGPBEwN0Jhj1_gD-2jgv:1nlUg6:WZNUVwffdVO7Hr8htu-9jfOQf2CNPiQf1mnhMymqMTM", "expire_date": "2022-05-16T11:57:22.739Z"}}, {"model": "sessions.session", "pk": "yu2cv0mk8whznoq5wcvg23a9r3317wnh", "fields": {"session_data": ".eJxVjEEOwiAQRe_C2hDoQAWX7nsGMjMMUjVtUtqV8e7apAvd_vfef6mE21rT1mRJY1YXZdXpdyPkh0w7yHecbrPmeVqXkfSu6IM2PcxZntfD_Tuo2Oq3pux6FjhzsV3vhMU6iVF646AYih59IMhEgKFg5FiiOGPBEwN0Jhj1_gD-2jgv:1nltbJ:DmKrhthdxOevMRILrCdv4-8d9Kb9VHlF-XPl0pQZQPQ", "expire_date": "2022-05-17T14:34:05.263Z"}}, {"model": "sessions.session", "pk": "ze0029clobgcyn35r428qx7zkg9m33f1", "fields": {"session_data": ".eJxVjEEOwiAQRe_C2hDoQAWX7nsGMjMMUjVtUtqV8e7apAvd_vfef6mE21rT1mRJY1YXZdXpdyPkh0w7yHecbrPmeVqXkfSu6IM2PcxZntfD_Tuo2Oq3pux6FjhzsV3vhMU6iVF646AYih59IMhEgKFg5FiiOGPBEwN0Jhj1_gD-2jgv:1nlYpH:AGQj23omMCQWFXKnBeDOAHqZWCBS5NPz2Ubm7J-LB6E", "expire_date": "2022-05-16T16:23:07.477Z"}}]